von	of
zu	to
im	in
zum	for
ist	is
auf	on
Das	that
durch	by
Dies	this
mit	with
ich	i
Sie	you
es	it
oder	or
Sein	be
sind	are
beim	at
alle	all
haben	have
Neu	new
wir	we
werden	will
Zuhause	home
uns	us
Über	about
ob	if
Seite	page
meine	my
hat	has
Suche	search
frei	free
aber	but
unser	our
ein	one
andere	other
machen	do
Information	information
Zeit	time
er	he
welche	which
ihr	their
Nachrichten	news
benutzen	use
Dort	there
sehen	see
damit	so
Wer	who
Netz	web
ebenfalls	also
bekommen	get
pm	pm
Aussicht	view
c	c
e	e
zuerst	first
gewesen	been
würde	would
wurden	were
s	s
mögen	like
x	x
als	than
finden	find
Preis	price
zurück	back
oben	top
Menschen	people
hätten	had
Liste	list
Name	name
gerade	just
Jahr	year
Tag	day
in	into
zwei	two
Gesundheit	health
n	n
Re	re
benutzt	used
gehen	go
b	b
letzte	last
machen	make
Sie	them
sollte	should
Produkt	product
System	system
Post	post
ihr	her
Stadt	city
t	t
Politik	policy
Nummer	number
Unterstützung	support
Botschaft	message
nach	after
dann	then
Januar	jan
gut	good
d	d
woher	where
Info	info
Rechte	rights
Bücher	books
hoch	high
Schule	school
m	m
jeder	each
Links	links
sie	she
Jahre	years
Auftrag	order
sehr	very
Buch	book
Artikel	items
Unternehmen	company
r	r
lesen	read
Gruppe	group
Sex	sex
viele	many
Benutzer	user
de	de
einstellen	set
Allgemeines	general
Forschung	research
Universität	university
Januar	january
Post	mail
voll	full
Bewertungen	reviews
Programm	program
kennt	know
Spiele	games
Weg	way
Tage	days
p	p
Teil	part
könnte	could
groß	great
vereinigt	united
echt	real
f	f
International	international
Center	center
Reise	travel
Bemerkungen	comments
gemacht	made
Entwicklung	development
Bericht	report
Mitglied	member
Einzelheiten	details
Linie	line
Bedingungen	terms
Vor	before
Hotels	hotels
tat	did
senden	send
Recht	right
Art	type
lokal	local
jene	those
Ergebnisse	results
Büro	office
National	national
Auto	car
Design	design
nehmen	take
Gesendet	posted
Adresse	address
Gemeinschaft	community
innerhalb	within
Zustände	states
wollen	want
Telefon	phone
DVD	dvd
Gegenstand	subject
zwischen	between
Forum	forum
Familie	family
l	l
lange	long
w	w
Show	show
O	o
sogar	even
schwarz	black
Besondere	special
Index	index
Sein	being
Frau	women
viel	much
Schild	sign
Datei	file
Verknüpfung	link
öffnen	open
Süd	south
Fall	case
Projekt	project
Seiten	pages
Ausführung	version
Sektion	section
besitzen	own
Haus	house
Sicherheit	security
G	g
Bezirk	county
amerikanisch	american
Foto	photo
Spiel	game
Mitglieder	members
Leistung	power
Netzwerk	network
Computer	computer
Systeme	systems
drei	three
Ort	place
Ende	end
h	h
ihm	him
pro	per
Zugriff	access
denken	think
Norden	north
Ressourcen	resources
Strom	current
groß	big
Medien	media
Recht	law
Steuerung	control
Wasser	water
Geschichte	history
Größe	size
persönlich	personal
führen	guide
Geschäft	shop
Verzeichnis	directory
Veränderung	change
Weiß	white
Text	text
klein	small
Wertung	rating
Bewertung	rate
Regierung	government
Kinder	children
Rückkehr	return
Studenten	students
v	v
Konto	account
mal	times
Niveau	level
Digital	digital
Profil	profile
Bisherige	previous
bilden	form
Veranstaltungen	events
Liebe	love
alt	old
John	john
Main	main
Anruf	call
Bild	image
Abteilung	department
Titel	title
nicht	non
k	k
y	y
Versicherung	insurance
soll	shall
Eigentum	property
Klasse	class
CD	cd
Qualität	quality
jeden	every
Auflistung	listing
Inhalt	content
Land	country
wenig	little
Werkzeuge	tools
niedrig	low
Antworten	reply
Kunde	customer
Dezember	december
vergleichen	compare
Filme	movies
Hochschule	college
Wert	value
Artikel	article
Mann	man
Arbeitsplätze	jobs
j	j
Lebensmittel	food
Autor	author
anders	different
u	u
lernen	learn
Verkauf	sale
drucken	print
Kurs	course
Job	job
Zimmer	room
Stock	stock
Ausbildung	training
auch	too
Kredit	credit
Punkt	point
Wissenschaft	science
Männer	men
Kategorien	categories
Westen	west
aussehen	look
Englisch	english
Mannschaft	team
Gut	estate
Box	box
Bedingungen	conditions
Fotos	photos
Fröhlich	gay
Faden	thread
Kategorie	category
Hinweis	note
Leben	live
groß	large
Galerie	gallery
Tabelle	table
jedoch	however
Juni	june
Oktober	october
November	november
Markt	market
Bibliothek	library
Aktion	action
Anfang	start
Serie	series
Eigenschaften	features
Luft	air
Industrie	industry
planen	plan
Mensch	human
Ja	yes
zweite	second
heiß	hot
Kosten	cost
Film	movie
Foren	forums
März	march
la	la
September	september
sagen	say
gehen	going
medizinisch	medical
Freund	friend
Dezember	dec
Server	server
Anwendung	application
Mitarbeiter	staff
abspielen	play
Probleme	issues
April	april
Benutzer	users
Straße	street
Thema	topic
gegen	against
bekam	got
Blog	blog
Party	party
Zahlung	payment
Ausrüstung	equipment
Lassen	let
Programme	programs
legal	legal
kürzlich	recent
Park	park
Handlung	act
Problem	problem
rot	red
geben	give
Erinnerung	memory
Performance	performance
Sozial	social
q	q
Geschichte	story
verkaufen	sell
Optionen	options
Erfahrung	experience
Schlüssel	key
Karosserie	body
jung	young
wichtig	important
Feld	field
wenige	few
Osten	east
Single	single
ii	ii
Alter	age
Verein	club
Beispiel	example
Mädchen	girls
z	z
Straße	road
Geschenk	gift
Frage	question
ca	ca
hart	hard
Zahlen	pay
vier	four
Poker	poker
Problem	issue
Angebot	range
Gebäude	building
Verkäufer	seller
Gericht	court
Februar	february
Ergebnis	result
Licht	light
schreiben	write
Krieg	war
Angebot	offer
Blau	blue
Gruppen	groups
al	al
einfach	easy
gegeben	given
anfordern	request
Fax	fax
China	china
Herstellung	making
Bild	picture
Bedürfnisse	needs
möglich	possible
Monat	month
Haupt	major
Star	star
Zukunft	future
Raum	space
Ausschuss	committee
Hand	hand
Sonne	sun
Karten	cards
London	london
Treffen	meeting
werden	become
Kind	child
behalten	keep
Porno	porn
Aktie	share
ähnlich	similar
Garten	garden
Schulen	schools
Million	million
hinzugefügt	added
Referenz	reference
Firmen	companies
Baby	baby
Lernen	learning
Energie	energy
Lauf	run
Lieferung	delivery
Beliebt	popular
Begriff	term
Film	film
Geschichten	stories
stellen	put
Tagebuch	journal
Berichte	reports
co	co
Versuchen	try
Bilder	images
beachten	notice
Gott	god
Original	original
Kopf	head
Radio	radio
Zelle	cell
Rat	council
enthält	includes
Spur	track
Diskussion	discussion
Archiv	archive
Andere	others
Zustimmung	agreement
Format	format
Gesellschaft	society
Monate	months
Sicherheit	safety
Freunde	friends
sicher	sure
Auflage	edition
Mitteilungen	messages
Marketing	marketing
sagen	tell
Verband	association
bietet	provides
Spaß	fun
bereits	already
Grün	green
Studien	studies
schließen	close
verbreitet	common
Spezifisch	specific
mehrere	several
Leben	living
Sammlung	collection
namens	called
kurz	short
Kunst	arts
Menge	lot
Fragen	ask
begrenzt	limited
Lösungen	solutions
Direktor	director
Strand	beach
Vergangenheit	past
natürlich	natural
Elektronik	electronics
auf	upon
Zeitraum	period
Planung	planning
sagt	says
offiziell	official
beschädigen	mar
erledigt	done
technisch	technical
Fenster	window
Profi	pro
Region	region
Insel	island
Aufzeichnung	record
Direkte	direct
Konferenz	conference
Aufzeichnungen	records
st	st
Kreis	district
Kalender	calendar
Kosten	costs
Stil	style
Erklärung	statement
Meilen	miles
Ressource	resource
Anwendungen	applications
Dokument	document
Wort	word
Werk	works
Material	material
Rechnung	bill
geschrieben	written
Regeln	rules
Finale	final
Ding	thing
Center	centre
Anforderungen	requirements
WAHR	TRUE
Protokoll	minutes
sonst	else
Kennzeichen	mark
Rock	rock
Schlecht	bad
Individuell	individual
Plus	plus
Auto	auto
Abdeckung	cover
bearbeiten	edit
zusammen	together
Videos	videos
schnell	fast
Funktion	function
Tatsache	fact
bekommen	getting
global	global
Technik	tech
Treffen	meet
weit	far
wirtschaftlich	economic
en	en
Spieler	player
Projekte	projects
Menge	amount
Uhr	watch
inbegriffen	included
Gefühl	feel
Bank	bank
Risiko	risk
Angebote	deals
verschiedene	various
Wörter	words
Produktion	production
kommerziell	commercial
Gewicht	weight
Herz	heart
Behandlung	treatment
Punkte	points
Wissen	knowledge
Zeitschrift	magazine
Error	error
Kamera	camera
Mädchen	girl
Konstruktion	construction
Spielzeuge	toys
Eingetragen	registered
Domain	domain
Methoden	methods
Kapitel	chapter
Schutz	protection
Politik	policies
breit	wide
Schönheit	beauty
Manager	manager
Indien	india
Position	position
genommen	taken
Sortieren	sort
Inserate	listings
bekannt	known
Hälfte	half
Fälle	cases
Schritt	step
Ingenieurwesen	engineering
einfach	simple
schnell	quick
Lizenz	license
See	lake
ganze	whole
jährlich	annual
veröffentlicht	published
Kirche	church
Methode	method
aktiv	active
Antwort	response
Zahl	figure
Materialien	materials
genug	enough
entworfen	designed
unter	among
Tod	death
Verlust	loss
Gesicht	face
Marke	brand
Rabatt	discount
Auswirkungen	effects
erstellt	created
Normen	standards
Bit	bit
politisch	political
Königreich	kingdom
Base	base
tun	doing
Darlehen	loans
Schuhe	shoes
Eintrag	entry
bleibe	stay
Aufträge	orders
Verfügbarkeit	availability
Zusammenfassung	summary
Wende	turn
Wachstum	growth
Agentur	agency
König	king
europäisch	european
Aktivität	activity
Kopieren	copy
Western	western
Macht	force
Beschäftigung	employment
Bucht	bay
Fluss	river
Kommission	commission
Paket	package
gesehen	seen
Spieler	players
Motor	engine
Hafen	port
Album	album
regional	regional
halt	stop
gestartet	started
Verwaltung	administration
Bar	bar
Institut	institute
Ansichten	views
doppelt	double
Hund	dog
bald	soon
Linien	lines
elektronisch	electronic
Leistungen	benefits
erforderlich	needed
Drucker	printer
Bedingung	condition
Wirksam	effective
glauben	believe
Organisation	organization
bewirken	effect
Verstand	mind
Auswahl	selection
Kasino	casino
pdf	pdf
Tour	tour
Kreuz	cross
Hoffnung	hope
Konzern	corporation
Wunsch	wish
Lösung	solution
reifen	mature
Rolle	role
Wochen	weeks
sicher	certain
niedriger	lower
notwendig	necessary
Union	union
mon	mon
com	com
besonders	particular
fein	fine
Stunde	hour
Gas	gas
Kompetenzen	skills
sechs	six
Buchse	bush
Inseln	islands
Rat	advice
Werdegang	career
Entscheidung	decision
verlassen	leave
Vor	pre
enorm	huge
Frau	woman
Anlagen	facilities
bieten	bid
Mitte	middle
Kabel	cable
Chancen	opportunities
Einnahme	taking
Werte	values
Aufteilung	division
Kommen	coming
Objekt	object
lesbisch	lesbian
angemessen	appropriate
Maschine	machine
Logo	logo
Länge	length
nett	nice
Ergebnis	score
Statistiken	statistics
Klient	client
Probe	sample
Investition	investment
geschickt	sent
gezeigt	shown
Weihnachten	christmas
Kultur	culture
Blitz	flash
Frau	ms
Wahl	choice
Kurse	courses
Verbraucher	consumer
Hallo	hi
fremd	foreign
Künstler	artist
Möbel	furniture
Kanal	channel
Brief	letter
Modus	mode
Telefone	phones
Ideen	ideas
Struktur	structure
Grad	degree
Vertrag	contract
Super	super
männlich	male
Angelegenheit	matter
fast	almost
gelegen	located
mehrere	multiple
Verteilung	distribution
Editor	editor
Gasthaus	inn
industriell	industrial
Potenzial	potential
Lied	song
los	los
fallen	fall
Idee	idea
Räume	rooms
Kommunikations	communications
Sieg	win
primär	primary
Krebs	cancer
Zahlen	numbers
Grund	reason
Werkzeug	tool
Frühling	spring
Stiftung	foundation
Antworten	answer
Stimme	voice
Zeitplan	schedule
Unterlagen	documents
Zweck	purpose
Feature	feature
Bett	bed
kommt	comes
Polizei	police
unabhängig	independent
Ansatz	approach
braun	brown
physikalisch	physical
Hügel	hill
Karten	maps
halt	hold
Bewertungen	ratings
glücklich	happy
Schmied	smith
entwickelt	developed
danken	thank
sicher	safe
einzigartig	unique
Umfrage	survey
vor	prior
Telefon	telephone
Sport	sport
bereit	ready
Tier	animal
Quellen	sources
Population	population
pa	pa
regulär	regular
sichern	secure
Geschäftstätigkeit	operations
einfach	simply
Beweis	evidence
Bahnhof	station
verstehen	understand
Möglichkeit	option
Tal	valley
wahrscheinlich	probably
Meer	sea
Publikationen	publications
verbessern	improve
Verbindung	connection
Herausgeber	publisher
Halle	hall
Anti	anti
Netzwerke	networks
Erde	earth
Eltern	parents
Auswirkung	impact
Transfer	transfer
Einführung	introduction
Küche	kitchen
stark	strong
Hochzeit	wedding
Eigenschaften	properties
Krankenhaus	hospital
Boden	ground
Schiff	ship
Unterkunft	accommodation
Krankheit	disease
Ausgezeichnet	excellent
perfekt	perfect
Haar	hair
Gelegenheit	opportunity
Ausrüstung	kit
klassisch	classic
Basis	basis
Befehl	command
Städte	cities
ausdrücken	express
vergeben	award
Entfernung	distance
Baum	tree
Bewertung	assessment
Mauer	wall
beteiligt	involved
el	el
extra	extra
insbesondere	especially
Budget	budget
Führungen	guides
Erfolg	success
maximal	maximum
ma	ma
Betrieb	operation
bestehende	existing
ganz	quite
ausgewählt	selected
Junge	boy
Restaurants	restaurants
schön	beautiful
Warnung	warning
Standorte	locations
Pferd	horse
Abstimmung	vote
Blumen	flowers
Sterne	stars
Listen	lists
Inhaber	owner
Tiere	animals
Wege	ways
Sohn	son
Bereitstellen	providing
Regel	rule
Gehäuse	housing
nimmt	takes
bringen	bring
Katalog	catalog
max	max
Mutter	mother
Behörde	authority
erzählte	told
Programm	programme
beigetreten	joined
Eingang	input
Strategie	strategy
Füße	feet
Agent	agent
gültig	valid
modern	modern
Senior	senior
sexy	sexy
Lehren	teaching
Tür	door
großartig	grand
Versuch	trial
Einheiten	units
cool	cool
normal	normal
Unternehmen	enterprise
Schiffe	ships
ganz	entire
positiv	positive
Fitness	fitness
Chinesisch	chinese
Meinung	opinion
Fußball	football
abstrakt	abstract
Ausgabe	output
Mittel	funds
Herr	mr
wahrscheinlich	likely
entwickeln	develop
Künstler	artists
Alternative	alternative
Verantwortung	responsibility
Java	java
Gast	guest
Veröffentlichung	publication
bestehen	pass
Verhältnis	relations
Vertrauen	trust
Transporter	van
enthält	contains
Mehr	multi
Republik	republic
Gebühren	fees
Komponenten	components
Ferien	vacation
Jahrhundert	century
akademisch	academic
Hilfe	assistance
abgeschlossen	completed
Haut	skin
Grafik	graphics
indisch	indian
Ring	ring
Klasse	grade
Berg	mountain
Organisationen	organizations
Filter	filter
Platte	panel
Fußboden	floor
Kauf	buying
Spiel	match
vorgeschlagen	proposed
benötigen	require
Jungen	boys
Morgen	morning
erlaubt	allows
Eiweiß	protein
Pflanze	plant
berichtet	reported
schlagen	hit
Millimeter	mm
Schwimmbad	pool
Mini	mini
Politik	politics
Partner	partner
Autoren	authors
Bretter	boards
Fisch	fish
Mitgliedschaft	membership
Mission	mission
Auge	eye
Schnur	string
Sinn	sense
geändert	modified
freigegeben	released
Bühne	stage
intern	internal
geboren	born
ausführlich	detailed
japanisch	japanese
Rennen	race
genehmigt	approved
Ziel	target
außer	except
Charakter	character
Instandhaltung	maintenance
Fähigkeit	ability
ed	ed
vergewaltigen	rape
Batterie	battery
Jugend	youth
Druck	pressure
eingereicht	submitted
Schuld	debt
Mittel	medium
Fernsehen	television
interessiert	interested
Ader	core
Unterbrechung	break
Zwecke	purposes
Sets	sets
tanzen	dance
Holz	wood
definiert	defined
Papiere	papers
Auszeichnungen	awards
Gebühr	fee
Studio	studio
Leser	reader
Gerät	device
etabliert	established
Antworten	answers
Miete	rent
las	las
dunkel	dark
extern	external
Apfel	apple
le	le
Anleitung	instructions
Mindest	min
angeboten	offered
Theorie	theory
Löschen	remove
Hilfe	aid
visuell	visual
Gastgeber	host
Vielfalt	variety
Lehrer	teachers
Handbuch	manual
Block	block
Fächer	subjects
Mittel	agents
Reparatur	repair
Messe	fair
stehlen	steel
Verstehen	understanding
Lieder	songs
Fest	fixed
falsch	wrong
Anfang	beginning
Hände	hands
az	az
Paris	paris
wird	gets
Sektor	sector
Kapazität	capacity
un	un
Fett	fat
Vater	father
elektrisch	electric
sah	saw
Instrumente	instruments
Offizier	officer
Treiber	driver
Unternehmen	businesses
tot	dead
unbekannte	unknown
Restaurant	restaurant
Mike	mike
Ausflug	trip
mi	mi
Arm	poor
Beziehung	relationship
Arbeitskräfte	workers
Frieden	peace
traditionell	traditional
zeigt	showing
kreativ	creative
Küste	coast
Vorteil	benefit
Finanzierung	funding
Geräte	devices
Herr	lord
gewähren	grant
Unter	sub
Fiktion	fiction
Uhren	watches
Karriere	careers
geht	goes
LED	led
Museum	museum
Ventilator	fan
Transport	transport
interessant	interesting
Blogs	blogs
Auswertung	evaluation
ehemalige	former
Zone	zone
Komplex	complex
th	th
Katze	cat
sterben	die
vorgeführt	presented
eben	flat
fließen	flow
Agenturen	agencies
Literatur	literature
Elternteil	parent
Rahmen	setting
DR	dr
Rahmen	scale
Wirtschaft	economy
hilfreich	helpful
monatlich	monthly
kritisch	critical
Rahmen	frame
Musical	musical
Definition	definition
Sekretär	secretary
Pfad	path
Chef	chief
gibt	gives
Pakete	packages
Detail	detail
Gesetze	laws
geändert	changed
Start	begin
königlich	royal
reinigen	clean
Kerl	guy
Titel	titles
relevant	relevant
Gerechtigkeit	justice
verbinden	connect
Tasse	cup
Korb	basket
angewandt	applied
wöchentlich	weekly
vol	vol
Installation	installation
pp	pp
Beachtung	attention
vorrücken	advance
überspringen	skip
Diät	diet
Armee	army
Ausrüstung	gear
Unterschied	difference
dürfen	allowed
richtig	correct
Nation	nation
Verkauf	selling
viele	lots
Stück	piece
Blatt	sheet
Feste	firm
Sieben	seven
Elemente	elements
Spezies	species
springen	jump
Zellen	cells
Modul	module
Urlaubsort	resort
Zertifikat	certificate
Minister	minister
Bewegung	motion
Mode	fashion
Richtungen	directions
Besucher	visitors
Dokumentation	documentation
Handel	trading
Wald	forest
Anrufe	calls
Berichterstattung	coverage
Paar	couple
Angabe	giving
Chance	chance
Vision	vision
Ball	ball
Ende	ending
Kunden	clients
Aktionen	actions
diskutieren	discuss
Tor	goal
erfolgreich	successful
verkauft	sold
Wind	wind
Gemeinden	communities
klinisch	clinical
Lage	situation
Märkte	markets
Verlagswesen	publishing
erscheinen	appear
Entwicklung	developing
Leben	lives
bestimmen	determine
Temperatur	temperature
Ankündigungen	announcements
geduldig	patient
tatsächlich	actual
historisch	historical
Stein	stone
Bob	bob
Handel	commerce
Personen	persons
schwer	difficult
wissenschaftlich	scientific
Satellit	satellite
Tests	tests
Dorf	village
Konten	accounts
Amateur	amateur
Ex	ex
getroffen	met
Schmerzen	pain
Faktoren	factors
Kaffee	coffee
Käufer	buyer
Poster	poster
Kante	edge
funktional	functional
Wurzel	root
fi	fi
geschlossen	closed
Ferien	holidays
Rosa	pink
Balance	balance
Überwachung	monitoring
Antworten	replies
Schuss	shot
Initiale	initial
Etikette	label
Sekunde	sec
Kanon	canon
Liga	league
Abfall	waste
Minute	minute
Bus	bus
Anbieter	provider
Wörterbuch	dictionary
Buchhaltung	accounting
Herstellung	manufacturing
Abschnitte	sections
Stuhl	chair
Anstrengung	effort
Phase	phase
Fantasie	fantasy
po	po
va	va
Professor	professor
Installieren	install
Hemd	shirt
Kleider	apparel
Fuß	foot
Brust	breast
Techniken	techniques
Dollar	dollars
Religion	religion
Genehmigung	permission
wild	wild
Generation	generation
Fräulein	miss
chemisch	chemical
Arzt	doctor
Aufgabe	task
reduzieren	reduce
gebracht	brought
Übung	exercise
Fehler	bug
Garantie	guarantee
Führer	leader
se	se
Prozesse	processes
weich	soft
Treffen	meetings
Sekunden	seconds
Flug	flight
Kongress	congress
Treibstoff	fuel
gehen	walk
hergestellt	produced
Heilige	saint
Streit	argument
Wettbewerb	competition
Drogen	drugs
Joint	joint
Prämie	premium
frisch	fresh
Figuren	characters
Rechtsanwalt	attorney
di	di
Faktor	factor
tausende	thousands
km	km
Strom	stream
Wohnungen	apartments
pflücken	pick
Hören	hearing
östlich	eastern
Therapie	therapy
Einträge	entries
unterzeichnet	signed
administrativ	administrative
ernst	serious
Grenze	limit
Schritte	steps
Geschäfte	shops
Knechtschaft	bondage
del	del
Anstrengungen	efforts
informiert	informed
ga	ga
Gedanken	thoughts
Bach	creek
ft	ft
Menge	quantity
wesentlich	essential
Touren	tours
Belastung	load
sofort	immediately
Maschinen	machines
vorgesehen	designated
schwer	heavy
bedeckt	covered
Wiederherstellung	recovery
integriert	integrated
Aufbau	configuration
Schwanz	cock
Händler	merchant
umfassend	comprehensive
Experte	expert
schützen	protect
solide	solid
Präsentation	presentation
wurde	became
Orange	orange
Beachtung	compliance
Thema	theme
Reich	rich
Kampagne	campaign
vs	vs
Gitarre	guitar
finden	finding
Beispiele	examples
Geist	spirit
ar	ar
Ansprüche	claims
Annahme	acceptance
Strategien	strategies
mo	mo
Angelegenheiten	affairs
beabsichtigt	intended
sa	sa
Tore	goals
mieten	hire
Wahl	election
vorschlagen	suggest
Ast	branch
Dienen	serve
Mitgliedsorganisationen	affiliates
montieren	mount
Latein	latin
Multimedia	multimedia
verwalten	manage
Ecke	corner
Rang	rank
Element	element
Geburt	birth
Virus	virus
interaktiv	interactive
Anfragen	requests
trennen	separate
Quartal	quarter
Verfahren	procedure
Führung	leadership
definieren	define
religiös	religious
Fakten	facts
Frühstück	breakfast
Säule	column
Glauben	faith
Kette	chain
identifizieren	identify
Avenue	avenue
fehlt	missing
Empfehlungen	recommendations
gerührt	moved
erreichen	reach
Vergleich	comparison
Moment	moment
verlängert	extended
Sequenz	sequence
Zoll	inch
Attacke	attack
Zentren	centers
Öffnung	opening
Labor	lab
Reservieren	reserve
Gamma	gamma
produzieren	produce
Wahrheit	truth
Zähler	counter
Fehler	failure
folgt	follows
Dollar	dollar
Lager	camp
die	des
Filme	films
Brücke	bridge
füllen	fill
Bewegung	movement
Drucken	printing
Entwurf	draft
Diagramm	chart
gespielt	played
Kontakte	contacts
Leser	readers
Clubs	clubs
wa	wa
Abenteuer	adventure
Opfer	offering
profitieren	profit
Führung	leaders
Poster	posters
Institutionen	institutions
Assistent	assistant
Variable	variable
dj	dj
Parken	parking
gestern	yesterday
entschlossen	determined
Werkstatt	workshop
Weg	gone
Codes	codes
Arten	kinds
Erweiterung	extension
Aussagen	statements
vollständig	completely
Mannschaften	teams
Fort	fort
cm	cm
Senat	senate
komisch	funny
Gen	gene
gedreht	turned
Scheibe	disc
Muster	pattern
Boot	boat
Theater	theatre
Hersteller	manufacturers
Sponsor	sponsor
klassisch	classical
Symbol	icon
Garantie	warranty
gewidmet	dedicated
Richtung	direction
Basketball	basketball
Objekte	objects
löschen	delete
Abend	evening
Versammlung	assembly
nuklear	nuclear
Maus	mouse
Signal	signal
Verbrecher	criminal
ausgegeben	issued
mächtig	powerful
Traum	dream
FALSCH	FALSE
da	da
Besetzung	cast
Blume	flower
Personal	personnel
bestanden	passed
geliefert	supplied
Stürze	falls
Seele	soul
fördern	promote
angegeben	stated
Statistiken	stats
Profis	professionals
erscheint	appears
tragen	carry
Flagge	flag
Abdeckungen	covers
em	em
Vorteil	advantage
Hallo	hello
Design	designs
pflegen	maintain
Tourismus	tourism
Priorität	priority
Erwachsene	adults
Grafik	graphic
Atom	atom
Zahlungen	payments
Bindung	binding
kurz	brief
beendet	ended
gewinnt	winning
anonym	anonymous
Skript	script
serviert	served
will	wants
bereit	prepared
Leere	void
Etikett	tag
Interview	interview
mischen	mix
Rahmen	framework
Scheibe	disk
Eingerichtet	installed
Königin	queen
Kredite	credits
deutlich	clearly
Fix	fix
Griff	handle
Süss	sweet
Kriterien	criteria
assoziieren	associate
ne	ne
Verhalten	behavior
vergrößern	enlarge
Strahl	ray
Einnahmen	revenue
messen	measure
Stimmen	votes
du	du
Pflicht	duty
Diskussionen	discussions
Bär	bear
gewinnen	gain
Festival	festival
Labor	laboratory
Ozean	ocean
Flüge	flights
Fachwelt	experts
Zeichen	signs
Tiefe	depth
Zug	train
trocken	dry
erkunden	explore
Spa	spa
Konzept	concept
fast	nearly
Handhabung	handling
Ursprung	origin
Milliarde	billion
Intelligenz	intelligence
gekauft	bought
con	con
Nationen	nations
Route	route
gebrochen	broken
Schlacht	battle
sprechen	speak
Protokoll	protocol
Abfrage	query
Partnerschaft	partnership
Ausdruck	expression
es	es
Rede	speech
Draht	wire
Vorschläge	suggestions
Ersatz	replacement
Band	tape
strategisch	strategic
Richter	judge
Acid	acid
Bytes	bytes
Cent	cent
gezwungen	forced
kompatibel	compatible
Wohnung	apartment
Null	null
Null	zero
Redner	speaker
Beratung	consulting
Konstrukteur	designer
pr	pr
Ehe	marriage
rollen	roll
Banken	banks
fr	fr
Teilnehmer	participants
Geheimnis	secret
Negativ	negative
Favoriten	favorites
Theater	theater
Federung	springs
var	var
ausführen	perform
Übersetzung	translation
Schätzungen	estimates
Verletzung	injury
Ministerium	ministry
Treiber	drivers
Anwalt	lawyer
Figuren	figures
geschützt	protected
Vorschlag	proposal
teilen	sharing
Portal	portal
Beta	beta
gratis	gratis
zu	toward
leicht	slightly
helfen	assist
Verhalten	conduct
enthalten	contained
Gesetzgebung	legislation
Berufung	calling
Parameter	parameters
Profile	profiles
Angelegenheiten	matters
Häuser	houses
Steuerung	controls
kombiniert	combined
letzte	ultimate
Vertreter	representative
geringer	minor
Abteilungen	departments
Bewohner	residents
angezeigt	displayed
Mama	mom
reduziert	reduced
Selten	rare
durchgeführt	performed
extrem	extreme
Proben	samples
Riegel	bars
Prognose	forecast
entfernt	removed
Zyklus	cycle
enthalten	contain
Richtigkeit	accuracy
Schlaf	sleep
mg	mg
Vogel	bird
Apotheke	pharmacy
Schaffung	creation
statisch	static
Jäger	hunter
Adressen	addresses
Dame	lady
Kristall	crystal
berühmt	famous
Schriftsteller	writer
Vorsitzende	chairman
Getränk	drink
Akademie	academy
dynamisch	dynamic
Essen	eat
permanent	permanent
Reinigung	cleaning
bildet	constitutes
Mappe	portfolio
praktisch	practical
geliefert	delivered
Infrastruktur	infrastructure
Farbe	colour
Verkäufer	vendor
Philosophie	philosophy
Verordnung	regulation
Offiziere	officers
Ziel	aim
Gebote	bids
Ernährung	nutrition
Aufzeichnung	recording
Junior	junior
les	les
Kap	cape
Ringe	rings
Spitze	tip
wunderbar	wonderful
Fahrkarte	ticket
angekündigt	announced
vermuten	guess
wem	whom
Fußball	soccer
Mathematik	math
einführen	import
Entsendung	posting
Gegenwart	presence
automatisch	automatic
Besichtigung	viewing
gepflegt	maintained
CH	ch
Dan	dan
Hunde	dogs
Direktoren	directors
Aspekte	aspects
voraus	ahead
Mond	moon
Beteiligung	participation
planen	scheme
Fliege	fly
Weise	manner
Matrix	matrix
Kombination	combination
Änderung	amendment
Stärke	strength
Truthahn	turkey
Bibliotheken	libraries
richtig	proper
Grad	degrees
Unternehmen	enterprises
Delta	delta
Angst	fear
suche	seeking
Zoll	inches
Konvention	convention
Anteile	shares
Schulleiter	principal
Komfort	comfort
Farben	colors
Kriege	wars
Bestellung	ordering
gehalten	kept
Alpha	alpha
Beschwerde	appeal
Kreuzfahrt	cruise
Bonus	bonus
Hallo	hey
Gebäude	buildings
Angebote	specials
schlagen	beat
Batterien	batteries
wird	becomes
fährt	drives
Waffen	arms
Tee	tea
verbessert	improved
leisten	achieve
Positionen	positions
Kleid	dress
Abonnement	subscription
Händler	dealer
zeitgenössisch	contemporary
Himmel	sky
Rom	rom
getragen	carried
Exposition	exposure
verbergen	hide
Unterschrift	signature
Müller	miller
Bereitstellung	provision
Kleider	clothes
Rahmen	frames
bestimmt	certainly
Zeitung	newspaper
Spielzeug	toy
Schicht	layer
gedruckt	printed
langsam	slow
Entfernung	removal
Haftung	liability
Drucker	printers
Hinzufügen	adding
Stelle	spot
verbringen	spend
Fabrik	factory
Innere	interior
wachsen	grow
optisch	optical
Beförderung	promotion
relativ	relative
tolle	amazing
Punkt	dot
Identität	identity
Umwandlung	conversion
Gefühl	feeling
versteckt	hidden
angemessen	reasonable
Revision	revision
beeinflussen	influence
Verhältnis	ratio
Bedeutung	importance
Regen	rain
Planet	planet
Kopien	copies
erlauben	permit
Sehen	seeing
Beweis	proof
Bass	bass
Rezept	prescription
leer	empty
Beispiel	instance
Loch	hole
Reiten	ride
Büro	bureau
Erhaltung	conservation
Paar	pair
Ideal	ideal
Brille	specs
verzeichnet	recorded
Don	don
Stücke	pieces
fertig	finished
Parks	parks
Rechtsanwälte	lawyers
Stress	stress
Sahne	cream
ss	ss
läuft	runs
entdecken	discover
ap	ap
Muster	patterns
Hügel	hills
nm	nm
Berater	advisor
bewusst	aware
gestalten	shape
Evolution	evolution
Zertifikate	certificates
Ziele	objectives
Stationen	stations
empfohlen	suggested
op	op
Überreste	remains
Firmen	firms
Euro	euro
Operator	operator
Strukturen	structures
generisch	generic
Enzyklopädie	encyclopedia
Verwendung	usage
Tinte	ink
gemischt	mixed
Volkszählung	census
Rad	wheel
Lieferanten	suppliers
kompakt	compact
Poesie	poetry
Beleuchtung	lights
Verfolgung	tracking
Engel	angel
Vorbereitung	preparation
Versuch	attempt
Empfang	receiving
Streichhölzer	matches
Übereinstimmung	accordance
Breite	width
Motoren	engines
vergessen	forget
Feld	array
diskutiert	discussed
genau	accurate
Klima	climate
griechisch	greek
Anweisung	instruction
Verwaltung	managing
roh	raw
Unterschiede	differences
erklären	explain
Gründen	establish
ausgedrückt	expressed
Umfang	extent
Scharf	sharp
ben	ben
Absatz	paragraph
töten	kill
Mathematik	mathematics
Vergütung	compensation
Export	export
Manager	managers
Module	modules
geführt	conducted
Versionen	versions
weiß	knows
beschreiben	describe
Bürger	citizens
Erbe	heritage
Ärger	trouble
Trainer	coach
landwirtschaftlich	agricultural
erweitern	expand
Publikum	audience
zugewiesen	assigned
Sammlungen	collections
Ewigkeit	ages
Spezialist	specialist
Koch	cook
beeinflussen	affect
Jungfrau	virgin
erfahren	experienced
Ermittlung	investigation
angehoben	raised
Hut	hat
Institution	institution
gerichtet	directed
betroffen	affected
Fahrrad	bike
total	totally
Teller	plate
Kosten	expenses
zeigen	indicate
blond	blonde
Verfahren	proceedings
Favorit	favourite
Eigenschaften	characteristics
der	der
verlieren	lose
organisch	organic
suchen	seek
Erfahrungen	experiences
Alben	albums
Verträge	contracts
Gäste	guests
Gastgeber	hosted
Krankheiten	diseases
über	concerning
äquivalent	equivalent
Chemie	chemistry
Kits	kits
Logik	logic
Prinz	prince
Kreis	circle
Boden	soil
Psychologie	psychology
nass	wet
Umstände	circumstances
Investor	investor
elementar	elementary
Sponsoren	sponsors
Fuchs	fox
unbegrenzt	unlimited
reagieren	respond
Größen	sizes
einfach	plain
Ausfahrt	exit
Arm	arm
Schlüssel	keys
Welle	wave
heilig	holy
Handlungen	acts
Beratung	guidance
Weg	trail
Symbol	symbol
Autobahn	highway
beobachtete	observed
Dean	dean
Konfiguration	setup
Umfrage	poll
Arten	styles
gefüllt	filled
Bindung	bond
Kanäle	channels
Blinddarm	appendix
Schokolade	chocolate
Portion	portion
Umfang	scope
Lieferant	supplier
Kabel	cables
Baumwolle	cotton
Anforderung	requirement
getötet	killed
Rand	border
alt	ancient
Debatte	debate
Vertreter	representatives
beginnt	starts
Schwangerschaft	pregnancy
Sehenswürdigkeiten	attractions
gelernt	learned
Transaktionen	transactions
Forscher	explorer
historisch	historic
Mann	husband
autorisiert	authorized
verrückt	crazy
bevorstehende	upcoming
Konzert	concert
Partituren	scores
Wirksamkeit	efficiency
Komödie	comedy
angenommen	adopted
effizient	efficient
linear	linear
Engagement	commitment
Spezialität	specialty
Bären	bears
hüpfen	hop
Träger	carrier
Konstante	constant
Visa	visa
Mund	mouth
Meter	meter
verbunden	linked
Interviews	interviews
Konzepte	concepts
Gewehr	gun
reflektieren	reflect
rein	pure
Hölle	hell
Obst	fruit
beginnt	begins
qualifiziert	qualified
Reform	reform
Linse	lens
behandelt	treated
Entdeckung	discovery
zeichnen	draw
klassifiziert	classified
annehmen	assume
Allianz	alliance
bestätigen	confirm
Ingenieur	engineer
konsistent	consistent
ersetzen	replace
Spielraum	clearance
Konverter	converter
Organisation	organisation
Baby	babe
Schecks	checks
erreicht	reached
Werden	becoming
Zielsetzung	objective
angezeigt	indicated
Zucker	sugar
Crew	crew
Beine	legs
Stock	stick
Beziehung	relation
aktiviert	enabled
Genre	genre
Freiwillige	volunteer
Rückseite	rear
demokratisch	democratic
verbessern	enhance
genau	exact
gebunden	bound
Parameter	parameter
Prozessor	processor
Knoten	node
formal	formal
Sturm	storm
Mikro	micro
Hochschulen	colleges
Meile	mile
Herausforderungen	challenges
Redakteure	editors
höchste	supreme
Brüder	brothers
Anerkennung	recognition
ref	ref
schätzen	estimate
Kind	kid
Inspektion	inspection
Verbraucher	consumers
Grenzen	limits
Gebiet	territory
Bewaffnung	weapons
verzögern	delay
Pilot	pilot
Beiträge	contributions
kontinuierlich	continuous
Initiative	initiative
Roman	novel
Ausführung	execution
Behinderung	disability
Ultra	ultra
Gewinner	winner
Folge	episode
Töpfer	potter
Gericht	dish
Theaterstücke	plays
Bekanntmachung	bulletin
ia	ia
ändern	modify
wirklich	truly
Universum	universe
Kandidat	candidate
Slot	slot
hervorragend	outstanding
Ha	ha
geplant	planned
Hütte	lodge
Spiegel	mirror
Turnier	tournament
Berücksichtigung	consideration
Sitzungen	sessions
Kern	kernel
Käufer	buyers
Zeitschriften	journals
grau	gray
Katalog	catalogue
berechnet	charged
breit	broad
und	und
gewählt	chosen
Demo	demo
Hass	hate
Terminal	terminal
Verlag	publishers
Nächte	nights
Flüssigkeit	liquid
Reis	rice
Reservierung	reservation
Lebensmittel	foods
bewachen	guard
Einsparung	saving
Reich	empire
neu	newly
erziehen	raise
illegal	illegal
Erweiterung	expansion
Premier	premier
Morgen	tomorrow
Milch	milk
Theater	drama
Besuch	visiting
Wettbewerb	contest
gesammelt	collected
Bands	bands
geeignet	suitable
absolut	absolutely
Prüfung	audit
Kammer	chamber
Guinea	guinea
Ergebnisse	findings
iso	iso
typisch	typical
Summe	sum
Hähnchen	chicken
vorübergehend	temporary
besuchen	attend
Dusche	shower
Versendung	sending
ausreichend	sufficient
Schale	shell
Provinz	province
katholisch	catholic
Gouverneur	governor
Bier	beer
Beitrag	contribution
Formel	formula
Verfassung	constitution
Verpackung	packaging
zuverlässig	reliable
Zweifel	doubt
verdienen	earn
Perioden	periods
Anschläge	attacks
Waren	merchandise
Symptome	symptoms
Denkmal	memorial
Zwilling	twin
einfügen	insert
Tor	gateway
Zeichnung	drawing
Kandidaten	candidates
bestellt	ordered
biologisch	biological
Kampf	fighting
Übergang	transition
Vorlieben	preferences
Spion	spy
Romantik	romance
Instrument	instrument
Teilt	split
Themen	themes
Befugnisse	powers
Himmel	heaven
Bits	bits
schwanger	pregnant
Einstufung	classification
konzentriert	focused
Arzt	physician
fragen	asking
Blöcke	blocks
lo	lo
geistig	spiritual
Diabetes	diabetes
ml	ml
Verschiebung	shift
sitzen	sit
Körper	bodies
Fotos	photographs
Schneiden	cutting
Schriftsteller	writers
flexibel	flexible
liebte	loved
Favoriten	favourites
Kartierung	mapping
zahlreich	numerous
verhältnismäßig	relatively
repräsentiert	represents
überlegen	superior
bevorzugt	preferred
Gerettet	saved
intellektuelle	intellectual
gewährt	granted
Kohlenstoff	carbon
gemütlich	comfortable
magnetisch	magnetic
Interaktion	interaction
Hören	listening
Krise	crisis
Ausblick	outlook
massiv	massive
hell	bright
gebildet	formed
Klavier	piano
Echo	echo
Revolution	revolution
Displays	displays
Plasma	plasma
Verdienste	earnings
Geheimnis	mystery
Landschaft	landscape
mechanisch	mechanical
Reise	journey
Banner	banner
Feige	fig
Grafschaften	counties
Erwerb	acquisition
anerkannt	recognized
Träume	dreams
Benachrichtigung	notification
kg	kg
lehren	teach
schnell	rapid
ziehen	pull
ut	ut
Seminar	seminar
Investitionen	investments
Räder	wheels
angeben	specify
empfindlich	sensitive
Vorlagen	templates
Formate	formats
hält	holds
Router	router
Beton	concrete
si	si
Mappe	folder
Fertigstellung	completion
Impuls	pulse
Technik	technique
Wählen	voting
Justiz	courts
umgewandelt	converted
Metro	metro
Jahrestag	anniversary
Verbesserungen	improvements
Streifen	strip
Spezifikation	specification
Unfall	accident
Kerbe	nick
zugänglich	accessible
Bewohner	resident
Handlung	plot
typisch	typically
Darstellung	representation
Pumpe	pump
existiert	exists
Vereinbarungen	arrangements
Konferenzen	conferences
Verbrauch	consumption
eng	narrow
Bedrohung	threat
Umfragen	surveys
Sitzung	sitting
Berater	consultant
Regler	controller
Ausschüsse	committees
Penis	penis
Schloss	castle
Gardens	gardens
Etiketten	labels
bereit	willing
bio	bio
Schauspielkunst	acting
Köpfe	heads
Prüfung	exam
Residenz	residence
Dichte	density
hundert	hundred
seltsam	strange
nachhaltig	sustainable
statistisch	statistical
erwähnen	mention
Innovation	innovation
grau	grey
parallel	parallel
arbeiten	operate
Banknoten	bills
stabil	stable
Definitionen	definitions
von	von
Ärzte	doctors
Lektion	lesson
Kino	cinema
Wahlen	elections
Reaktion	reaction
leer	blank
verbessert	enhanced
berechtigt	entitled
schwer	severe
generieren	generate
Zeitungen	newspapers
Krankenhäuser	hospitals
vi	vi
Humor	humor
alt	aged
Monitore	monitors
Ausnahme	exception
Dauer	duration
Masse	bulk
Besuche	visits
Fähigkeiten	capabilities
Empfehlung	recommendation
Sünde	sin
organisiert	organized
ba	ba
para	para
Annahme	adoption
Verbesserung	improving
teuer	expensive
Büffel	buffalo
Organisationen	organisations
Ebene	plane
Programme	programmes
Mechanismus	mechanism
ee	ee
markiert	marked
Gefahren	driven
Flasche	bottle
innovativ	innovative
Massage	massage
Fazit	conclusion
Schließen	closing
tausend	thousand
Legende	legend
Villa	villa
Knochen	bone
Säulen	columns
Störungen	disorders
Zusammenarbeit	collaboration
Entdeckung	detection
innere	inner
Formation	formation
med	med
Ingenieure	engineers
Entität	entity
Kreuzfahrten	cruises
Tor	gate
römisch	roman
Aufgaben	duties
erotisch	erotic
Ton	tone
Ethik	ethics
Drachen	dragon
beschäftigt	busy
Kapitän	captain
bringt	brings
Heizung	heating
Bein	leg
Hals	neck
Flügel	wing
Skripte	scripts
ABC	abc
ernannt	appointed
Behandlung	dealing
verpflichten	commit
Schiene	rail
Reisen	trips
Spalt	gap
Seiten	sides
Tube	tube
dazugehörigen	corresponding
Beschreibungen	descriptions
Gürtel	belt
Jacke	jacket
Animation	animation
Orakel	oracle
er	er
Produktionen	productions
Luftfahrt	aviation
stolz	proud
Katastrophe	disaster
Konsole	console
Befehle	commands
jr	jr
Telekommunikation	telecommunications
Lehrer	instructor
Riese	giant
erreicht	achieved
Verletzungen	injuries
Ansätze	approaches
gewöhnlich	usual
Briefmarken	stamps
Winkel	angle
rauben	rob
Designer	designers
Freiheit	liberty
Epoche	era
Konvertieren	convert
Möglichkeit	possibility
Analytiker	analyst
gefährlich	dangerous
Zuverlässigkeit	reliability
beziehungsweise	respectively
Freiwillige	volunteers
abgeleiteten	derived
Vergnügen	pleasure
Ehre	honor
orientiert	oriented
Adler	eagle
Gebet	prayer
Workshops	workshops
Hurrikan	hurricane
ruhig	quiet
Hersteller	producer
repräsentiert	represented
Verantwortlichkeiten	responsibilities
Käse	cheese
vorsichtig	carefully
Produktivität	productivity
Krone	crown
Par	par
Diagnose	diagnosis
Hersteller	maker
Riss	crack
Prinzip	principle
Picks	picks
Gang	gang
Fetisch	fetish
Aussehen	appearance
Rauch	smoke
Filter	filters
inkorporiert	incorporated
Kunst	craft
Gefährte	fellow
blind	blind
Salon	lounge
wütend	mad
Algorithmus	algorithm
stark	strongly
Cafe	cafe
ken	ken
Proteine	proteins
su	su
familiär	familiar
fähig	capable
Eintritt	admission
Schuh	shoe
gewählt	elected
Tragen	carrying
Terrorismus	terrorism
Freude	joy
Ausgaben	editions
ethnisch	ethnic
Parlament	parliament
Darsteller	actor
Funde	finds
Dichtung	seal
Situationen	situations
fünfte	fifth
Bürger	citizen
vertikal	vertical
Korrekturen	corrections
beschreibt	describes
Behinderungen	disabilities
Substanz	substance
verboten	prohibited
Rohr	pipe
Soldaten	soldiers
Wächter	guardian
Vorlesung	lecture
Simulation	simulation
Layout	layout
Initiativen	initiatives
krank	ill
Konzentration	concentration
legen	lay
Deutung	interpretation
dreckig	dirty
unterrichtet	taught
Arbeitnehmer	worker
Optimierung	optimization
Tempel	temple
Substanzen	substances
beweisen	prove
entdeckt	discovered
Flügel	wings
genetisch	genetic
Beschränkungen	restrictions
dünn	thin
Ausstellung	exhibition
Grat	ridge
Modem	modem
bringen	bringing
krank	sick
bewerten	evaluate
tropisch	tropical
sammeln	collect
Vektor	vector
bestimmt	definitely
Drehung	turning
Existenz	existence
Kommentar	commentary
Entwicklungen	developments
Einwanderung	immigration
Reiseziele	destinations
gegenseitig	mutual
Syntax	syntax
li	li
Attribut	attribute
Gefängnis	prison
Fertigkeit	skill
Stühle	chairs
Umgebung	surrounding
Berge	mountains
Popularität	popularity
Anfrage	inquiry
geprüft	checked
Ausstellungsstück	exhibit
werfen	throw
Trend	trend
Katzen	cats
Wüste	desert
ya	ya
Koordinator	coordinator
Quecksilber	mercury
Verbrennung	burning
Flucht	escape
Empfänger	receiver
progressiv	progressive
Boote	boats
Meisterschaft	championship
Arkade	arcade
unmöglich	impossible
erzählt	tells
offensichtlich	obvious
Depression	depression
Graph	graph
Abdeckung	covering
Platin	platinum
Beurteilung	judgment
Gespräche	talks
Einreichung	filing
fördern	foster
ausgezeichnet	awarded
Versuche	trials
Meister	masters
Patrone	cartridge
Erläuterung	explanation
org	org
Betrug	fraud
Elektrizität	electricity
Spektrum	spectrum
Ankunft	arrival
Keramik	pottery
Betonung	emphasis
genial	awesome
Bestätigt	confirmed
zählt	counts
Absturz	crash
Aufzug	lift
inter	inter
Höhen	heights
Schatten	shadow
Ausgabe	expense
wagen	venture
Klinik	clinic
Heilung	healing
Prinzessin	princess
Eingeben	entering
Paket	packet
Studios	studios
Beteiligung	involvement
Papa	dad
Tasten	buttons
Platzierung	placement
Beobachtungen	observations
Gewinner	winners
Straßen	roads
anschließend	subsequent
Garten	yard
Bekanntgabe	disclosure
Einrichtung	establishment
Erinnerungen	memories
te	te
schafft	creates
Gesichter	faces
Tourist	tourist
Mord	murder
angemessene	adequate
Senator	senator
Präsentationen	presentations
verdauen	digest
Staub	dust
Wiki	wiki
ersetzt	replaced
Radar	radar
Verluste	losses
Kampf	combat
Reduzierung	reducing
gestoppt	stopped
Besetzung	occupation
eng	closely
Strahlung	radiation
Könige	kings
Schießen	shooting
Ohr	ear
Flaggen	flags
Bäcker	baker
konservativ	conservative
Schock	shock
Wirksamkeit	effectiveness
Krawatte	tie
Dach	roof
zeigen	demonstrate
Atmosphäre	atmosphere
Kuss	kiss
Tier	beast
ra	ra
betrieben	operated
Experiment	experiment
Ziele	targets
Einkäufe	purchases
Föderation	federation
Pizza	pizza
eingeladen	invited
Zuordnung	assignment
modern	mod
Abfragen	queries
Abwesenheit	absence
Anbieter	vendors
Yoga	yoga
dient	serves
Überraschung	surprise
Lampe	lamp
Witze	jokes
Beratung	counseling
Palast	palace
zufrieden	satisfied
Gewinnt	wins
Warenhaus	warehouse
soll	supposed
gewöhnliche	ordinary
Geist	ghost
Verstoß	violation
Boss	boss
Stolz	pride
Erwartungen	expectations
Unabhängigkeit	independence
wissend	knowing
Reporter	reporter
Stoffwechsel	metabolism
Champion	champion
persönlich	personally
reichlich	plenty
Solo	solo
Kehle	throat
Reichtum	wealth
Vakuum	vacuum
Tanzen	dancing
erkenne	recognize
schreibt	writes
Piazza	plaza
Suche	quest
veröffentlichen	publish
Abschirmung	screening
trans	trans
Pionier	pioneer
Vergessene	forgotten
Akrobat	acrobat
Platten	plates
Aufsätze	essays
Verhalten	behaviour
erzählen	telling
ziemlich	fairly
intelligent	intelligent
Modi	modes
Verpflichtung	obligation
Hafen	harbor
Reisende	traveler
Segment	segment
Feind	enemy
Puzzle	puzzle
Brunnen	wells
beschränkt	restricted
Republikaner	republican
Geheimnisse	secrets
Syndrom	syndrome
Teilnahme	attendance
Elfmeter	penalty
Trommel	drum
ermöglicht	enables
Baumeister	builder
Aussicht	vista
Flut	flood
Leichtigkeit	ease
Argumente	arguments
Arena	arena
Abenteuer	adventures
Schüler	pupils
Ankündigung	announcement
Ergebnis	outcome
schätzen	appreciate
ergänzt	expanded
gewachsen	grown
schön	lovely
Zentren	centres
Klausel	clause
Lächeln	smile
Länder	lands
Truppen	troops
bewaffnet	armed
Kiefer	pine
Kühlung	cooling
Golf	gulf
LKW	trucks
Mechanismen	mechanisms
Scheidung	divorce
Tradition	tradition
Pillen	pills
Tiger	tiger
Leute	folks
Sensor	sensor
ausgesetzt	exposed
Jagd	hunt
Engel	angels
Stellvertreter	deputy
thailändisch	thai
Emissionen	emissions
Ärzte	physicians
Beschwerde	complaint
Szenen	scenes
Experimente	experiments
Auftrieb	boost
Führung	governance
Mühle	mill
Gegründet	founded
chronisch	chronic
Höhle	den
Finger	finger
hält	keeps
Pfund	pound
Lokalisieren	locate
pl	pl
trainiert	trained
Umsetzung	implementing
Brot	bread
Motoren	motors
zäh	tough
Vorfall	incident
Dynamik	dynamics
Lüge	lie
Konversation	conversation
verringern	decrease
Anbetung	worship
Fähigkeit	capability
ak	ak
Präzision	precision
Schadenersatz	damages
Reserve	reserves
lösen	solve
Minderheit	minority
vielfältig	diverse
Zutaten	ingredients
Ah	ah
Töne	tones
Rehabilitation	rehabilitation
Sicht	sight
Lehm	clay
schwach	weak
geteilt	divided
Rezeption	reception
weise	wise
Chancen	odds
Seminare	seminars
Folgen	consequences
Entscheidungsträger	makers
Erdkunde	geography
Integrität	integrity
Erbe	legacy
zufrieden	pleased
Achtung	danger
Vitamin	vitamin
verarbeitet	processed
Phrase	phrase
erziehen	raising
Auswirkungen	implications
Funktionalität	functionality
Paradies	paradise
hybrid	hybrid
liest	reads
emotional	emotional
Ruhm	glory
ja	ja
geographisch	geographic
überschreiten	exceed
Stange	rod
Seide	silk
Babys	babies
Bi	bi
romantisch	romantic
aufgedeckt	revealed
Spezialisten	specialists
Generator	generator
Suspension	suspension
traurig	sad
Korrektur	correction
Wolf	wolf
langsam	slowly
Ergänzung	supplement
Teile	portions
Säugling	infant
Branchen	sectors
Flüssigkeit	fluid
Begründung	grounds
Mahlzeit	meal
ta	ta
Maschinen	machinery
Gleichung	equation
Körbe	baskets
Wahrscheinlichkeit	probability
Abmessungen	dimension
studierte	studied
Gewinne	profits
Teufel	devil
Gras	grass
illustriert	illustrated
Kirsche	cherry
kontinental	continental
Leistung	achievement
Einschränkungen	limitations
Beerdigung	funeral
Kapitel	chapters
Passagier	passenger
praktisch	convenient
Mars	mars
Größe	sized
Ei	egg
Signale	signals
Orientierung	orientation
Diebstahl	theft
Kindheit	childhood
Symbole	symbols
lat	lat
Meta	meta
Analog	analog
Talent	talent
datiert	dated
Weisheit	wisdom
Grenze	boundary
Elite	elite
gi	gi
glaubt	believes
Gedichte	poems
Zuständigkeit	jurisdiction
Roboter	robot
Anzeige	displaying
Zeuge	witness
ausgestattet	equipped
Stufen	stages
sur	sur
erworben	acquired
beurteilen	assess
waschen	wash
Eingang	entrance
Erklärung	declaration
verlieren	losing
Versuche	attempts
edel	noble
Automatisierung	automation
Auswirkungen	impacts
Umdrehung	rev
Vorteile	advantages
Ritter	knight
Ziele	aims
Erweiterungen	extensions
Einsprüche	appeals
Krankheit	illness
ho	ho
Alternativen	alternatives
Sch	sh
Seife	soap
Marmelade	jam
ungewöhnlich	unusual
antwortete	answered
Zerstörung	destruction
Migration	migration
Störung	disorder
konventionell	conventional
tragen	wearing
Achse	axis
gesucht	sought
Gene	genes
Median	median
Scanner	scanner
hierin	herein
lebhaft	animated
Einstellung	adjustment
Held	hero
Behandlungen	treatments
Haltung	attitude
Teppich	carpet
Linsen	lenses
besucht	attended
Schwierigkeit	difficulty
Punk	punk
Koalition	coalition
Einschreibung	enrollment
Herzog	duke
Tempo	pace
Produzenten	producers
Bogen	arc
Schnittstellen	interfaces
Atlas	atlas
Überwachung	observation
Folter	torture
gelöscht	deleted
Mantel	coat
Wiederherstellung	restoration
Bequemlichkeit	convenience
Rückkehr	returning
Opposition	opposition
Container	container
Beklagte	defendant
Supervisor	supervisor
Korps	corps
Schauspieler	actors
Leber	liver
haftbar	liable
Petition	petition
Antenne	antenna
gepflückt	picked
Glauben	belief
Tötung	killing
Schulter	shoulder
Dekor	decor
Ion	ion
Durchmesser	diameter
Podcast	podcast
Wechselwirkungen	interactions
Sänger	singer
Herold	herald
Altern	aging
Intervention	intervention
Plugin	plugin
Attraktion	attraction
Tauchen	diving
Änderung	modification
annehmen	suppose
Schilf	reed
betreffen	involve
mäßig	moderate
Mäuse	mice
verstanden	understood
schnell	rapidly
Verbot	ban
Sicherheit	assurance
Ereignis	happening
weit	vast
Mühlen	mills
Gliederung	outline
erhält	receives
Jeans	jeans
Zusammenstellung	compilation
ungerade	odd
sigma	sigma
GR	gr
attraktiv	attractive
Gelegenheit	occasion
Aufnahmen	recordings
Opfer	victim
Forderungen	demands
Vorsichtig	careful
Strahl	beam
Gartenarbeit	gardening
Verbindlichkeiten	obligations
ankommen	arrive
Orchester	orchestra
Lizenz	licence
einstellbar	adjustable
Zuweisung	allocation
Aufsatz	essay
gezeigt	demonstrated
Dialog	dialogue
Lager	camps
erklärt	declared
Spur	trace
geschlossen	shut
Packungen	packs
ge	ge
Installation	installing
Schalter	switches
freiwillig	voluntary
du	thou
sehr	greatly
ng	ng
häufig	commonly
pe	pe
Fotograf	photographer
Schrei	cry
Quant	quantum
konstruiert	constructed
Ergänzungen	additions
erforderlich	requiring
Pfeil	arrow
Engagement	engagement
Rau	rough
seltsam	weird
Löwe	lion
Hochzeiten	weddings
Sauerstoff	oxygen
Schlucht	canyon
Meter	meters
nur	merely
Kalender	calendars
Anordnung	arrangement
Schlussfolgerungen	conclusions
Literaturverzeichnis	bibliography
Zeiger	pointer
Kompatibilität	compatibility
strecken	stretch
Genehmigungen	permits
Kooperative	cooperative
Ernährung	feeding
Gemeinde	township
Ranglisten	rankings
Messung	measuring
Gurt	strap
Menge	crowd
Transfers	transfers
olympisch	olympic
Transformation	transformation
dir	dir
Zoll	customs
Administratoren	administrators
Persönlichkeit	personality
Haken	hook
Roulette	roulette
Ablehnen	decline
Kabel	cord
Wolke	cloud
erleichtern	facilitate
val	val
erklärt	explains
Vorgehen	proceed
Gefühle	feelings
Messer	knife
adoptieren	adopt
verweigert	denied
Spende	donation
äußere	outer
Ernte	crop
Flüsse	rivers
Knoten	nodes
zitiert	cited
Nabe	hub
gezielt	targeted
erkannte	realized
Gründer	founder
Dekade	decade
Streit	dispute
müde	tired
negativ	adverse
Auszug	excerpt
entladen	discharge
Getränke	drinks
As	ace
Stimmen	voices
Kletterei	climbing
Tonnen	tons
Parfüm	perfume
gefährlich	hazardous
wiederherstellen	restore
Stapel	stack
Methodik	methodology
Ruf	reputation
Demokraten	democrats
aufhängen	hang
Kurve	curve
Schöpfer	creator
Bernstein	amber
Museen	museums
Verschlüsselung	coding
Tracker	tracker
Variation	variation
Passage	passage
übertragen	transferred
Kofferraum	trunk
Foto	photograph
Wellen	waves
Kamel	camel
Verteiler	distributor
chi	chi
Versammlung	gathering
Projektion	projection
mathematisch	mathematical
logisch	logical
Soße	sauce
Ruhm	fame
spezialisiert	specialized
Unternehmen	corporations
Kritik	criticism
Automobil	automobile
Jury	judges
Bemerkungen	remarks
detektiert	detected
Gemälde	paintings
ging	walked
entstehen	arising
Populationen	populations
ängstlich	afraid
akustisch	acoustic
Kassette	cassette
Indikator	indicator
jpg	jpg
Fehler	mistake
beseitigen	eliminate
Mineral	mineral
Rubin	ruby
Perlen	beads
Vermögen	fortune
Segeltuch	canvas
Schwelle	threshold
Gemeinde	parish
Bildschirme	screens
Friedhof	cemetery
Stadion	stadium
Erkundung	exploration
min	mins
Stengel	stem
Astronomie	astronomy
Wettbewerbe	contests
Grippe	flu
Kostüm	costume
Fahrräder	bikes
Bischof	bishop
zog	pulled
Mais	corn
Kompression	compression
Festlegung	establishing
Farmer	farmer
Zinn	tin
Sklave	slave
sofort	instantly
Coaching	coaching
geprüft	examined
Codierung	encoding
Einreichungen	submissions
Helden	heroes
gemalt	painted
Porträt	portrait
Terrorist	terrorist
ethisch	ethical
Träger	carriers
Mobilität	mobility
Kampf	struggle
Regelungen	schemes
Leiden	suffering
neutral	neutral
Fischer	fisher
Ratte	rat
Speere	spears
Beitritt	joining
Überschrift	heading
künstlich	artificial
Lager	bearing
spektakulär	spectacular
Welten	worlds
schuldig	guilty
Aktivierung	activation
Oase	haven
Tablette	tablet
Jury	jury
DOS	dos
Schwanz	tail
Charme	charm
heftig	violent
möglicherweise	potentially
Ranch	ranch
Einschränkungen	constraints
Kreuzung	crossing
inklusive	inclusive
Hütte	cottage
betrunken	drunk
beträchtlich	considerable
Verbrechen	crimes
aufgelöst	resolved
Byte	byte
Nase	nose
Geäst	branches
Ausländer	alien
Prozessoren	processors
Pleite	broke
Komplexität	complexity
ständig	constantly
Entschlossenheit	resolve
Gebiete	territories
These	thesis
Scheiben	discs
häufig	frequent
Decke	ceiling
Pixel	pixels
gen	gen
Diamanten	diamonds
Flotte	fleet
Bündel	bunch
theoretisch	theoretical
Verweisung	referral
Verlassen	quit
Protokolle	protocols
Lunge	lung
Ersatz	substitute
brillant	brilliant
ti	ti
Gel	gel
gesprochen	spoken
Omega	omega
bewertet	evaluated
blieb	stayed
sieht	sees
Beendigung	termination
schaute	watched
Haushalte	households
einlösen	redeem
Korn	grain
Regime	regime
Stier	bull
architektonisch	architectural
abweichen	differ
Bewegungen	movements
Reparaturen	repairs
Atem	breath
Komfort	amenities
virtuell	virtually
Markt	mart
Kerze	candle
hängend	hanging
farbig	colored
Geschichte	tale
früher	formerly
Beamer	projector
gelegen	situated
sucht	seeks
streng	strictly
psychologisch	psychological
Vitamine	vitamins
elegant	elegant
Gewinne	gains
Erneuerung	renewal
Genealogie	genealogy
als	deemed
Wertung	scoring
Ausgaben	expenditure
Kritik	critics
Algorithmen	algorithms
Hacker	hacker
Salon	salon
Turbo	turbo
heilen	cure
ni	ni
denkt	thinks
Vorschlag	suggestion
Soldat	soldier
Bombe	bomb
Schaden	harm
Intervall	interval
Spiegel	mirrors
untersuchen	investigate
deine	thy
Platten	panels
wiederholt	repeated
Angriff	assault
Hirsch	deer
Zunge	tongue
Bowling	bowling
tri	tri
Affe	monkey
Anteil	proportion
Rock	skirt
Analysen	analyses
Zeichnungen	drawings
Bedeutung	significance
Szenario	scenario
Ihr	ye
Arabisch	arabic
Spur	gauge
Schutz	protecting
konfrontiert	faced
Auflösung	solving
produziert	produces
intensiv	intensive
Ketten	chains
sechste	sixth
engagieren	engage
Schaltung	switching
Korrespondenz	correspondence
Importe	imports
Aufsicht	supervision
Ausgaben	expenditures
Trennung	separation
Zeugnis	testimony
vermuten	suspect
verpflichtend	mandatory
Grenzen	boundaries
Feier	celebration
Filter	filtering
Ehepartner	spouse
exotisch	exotic
Zuschauer	viewer
reichend	reaching
Lachen	laugh
chirurgisch	surgical
zerstören	destroy
Zitat	citation
yo	yo
Lokal	premises
bewährt	proved
beleidigend	offensive
Kaiserliche	imperial
Dutzend	dozen
Einsatz	deployment
Stoff	cloth
Lotus	lotus
Lachs	salmon
Ladung	cargo
Direktive	directive
Kamerad	mate
Butter	butter
Pfeffer	pepper
Waffe	weapon
Belastung	burden
Bänder	tapes
Zonen	zones
Insel	isle
schlank	slim
Ahorn	maple
Lebensmittelgeschäft	grocery
Regierungs	governing
Depot	depot
alt	alt
Kuchen	pie
Mischung	blend
Emission	emission
ersichtlich	apparent
Lehr	instructional
Berechtigungen	permissions
Toilette	toilet
Platz	ranked
Routen	routes
Montage	mounting
gebunden	tied
ausgewogen	balanced
verspätet	delayed
Tal	dale
Berechnung	calculation
Villen	villas
Gelegenheiten	occasions
Gleichungen	equations
Öl	oils
September	sept
außergewöhnlich	exceptional
Angst	anxiety
räumlich	spatial
Befragten	respondents
Überlegungen	considerations
zahlt	pays
sonnig	sunny
liefert	delivers
je	je
Halskette	necklace
zusammengesetzt	composite
lang	lang
Theater	theaters
Entwerfen	designing
Hoffnungen	hopes
Beurteilungen	assessments
Diagramm	diagram
Schuhwerk	footwear
sg	sg
Völker	peoples
Sieger	victor
Lizenzen	licenses
Bereiche	ranges
Paare	pairs
Empfindlichkeit	sensitivity
Erhaltung	preservation
isoliert	isolated
Interim	interim
unterstützt	assisted
göttlich	divine
genehmigen	approve
Verbindung	compound
Intensität	intensity
technologisch	technological
Abtreibung	abortion
Dialog	dialog
Veranstaltungsorte	venues
sprengen	blast
Adressierung	addressing
Pole	pole
Schild	shield
Membran	membrane
verzweifelt	desperate
Mütter	mothers
Demonstration	demonstration
Regierungs	governmental
hergestellt	manufactured
Kerzen	candles
Variationen	variations
Mütter	moms
heilig	sacred
Sucht	addiction
Chrom	chrome
verweigert	refused
Bremse	brake
Außen	exterior
Gruß	greeting
Ökologie	ecology
Tal	glen
Arbeitslosigkeit	unemployment
erzielter	scored
Erweiterung	enhancement
Klon	clone
Geschwindigkeit	velocity
Lambda	lambda
zusammengesetzt	composed
Tränen	tears
Oase	oasis
Taxi	cab
Fa	fa
Gesellschaften	societies
Silizium	silicon
identisch	identical
Petroleum	petroleum
konkurrieren	compete
ist	ist
Liebhaber	lover
gehören	belong
Lippen	lips
begleiten	escort
Teich	pond
Fähre	ferry
Hase	rabbit
Beruf	profession
Damm	dam
Physiologie	physiology
Ausfuhr	exports
Reifen	tire
Teilnehmer	participant
Elektron	electron
Ladungen	loads
Heidekraut	heather
Motel	motel
Gewerkschaften	unions
Fiskus	treasury
belegt	occupied
Waage	scales
Belastung	strain
verhaftet	arrested
Untersuchungen	investigations
gewonnen	gained
Wäsche	laundry
Erteilung	placing
einstellen	adjust
bewertet	assessed
Verschlüsselung	encryption
Füllung	filling
auferlegte	imposed
Schweigen	silence
sowjetisch	soviet
Besitz	possession
Vertrag	treaty
Trainer	trainer
Organ	organ
Zitrone	lemon
Dunkelheit	darkness
Spanne	span
Scherz	joke
Verpackung	packing
Satzung	statute
abgelehnt	rejected
Schutz	shelter
Kapelle	chapel
Herstellung	manufacture
Lagen	layers
feiern	celebrate
Gerät	appliance
Mischung	mixture
Fahrer	rider
Radius	radius
beeindruckend	impressive
Schaf	sheep
Architekt	architect
Vorlesungen	lectures
Weine	wines
Tassen	cups
Asche	ash
Beiträger	contributors
Salat	salad
Verletzungen	violations
Temperaturen	temperatures
Wettbewerbe	competitions
erhalten	preserve
Gedicht	poem
bleiben	staying
Ostern	easter
Theorien	theories
Repository	repository
Strom	streams
Landung	landing
hingerichtet	executed
Verhandlungen	negotiations
realistisch	realistic
fragt	asks
Zusammenfassung	synopsis
Komponist	composer
Bohne	bean
Schwert	sword
Modifikationen	modifications
Koralle	coral
Pixel	pixel
Wegen	paths
Blase	bubble
por	por
erwerben	acquire
Gegenteil	contrary
Tribun	tribune
Schiff	vessel
Säuren	acids
Viren	viruses
Aufkleber	stickers
Reaktionen	reactions
Glauben	beliefs
Kader	squad
analysieren	analyze
Divisionen	divisions
schwimmen	swim
nano	nano
Konzerte	concerts
Männchen	males
behalten	retain
Farben	colours
ausführen	execute
Tunnel	tunnel
Genre	genres
Patente	patents
Weizen	wheat
Chroniken	chronicles
Beschaffung	obtaining
Biber	beaver
Lesungen	readings
Erweiterung	enlargement
Adler	eagles
Basen	bases
Angeklagte	accused
Kampagnen	campaigns
Einheit	unity
definiert	defines
Instanzen	instances
einheimisch	indigenous
begonnen	begun
Pakete	packets
Anker	anchor
Socken	socks
auslösen	trigger
Cholesterin	cholesterol
Differential	differential
Oberflächen	surfaces
furchtbar	terrible
Router	routers
Uhren	clocks
Arthritis	arthritis
BIOS	bios
Weibchen	females
spiegelt	reflects
Besteuerung	taxation
Fieber	fever
Küche	cuisine
sicherlich	surely
Praktiker	practitioners
Satz	theorem
Inflation	inflation
dich	thee
Verbindungen	compounds
Schlagzeug	drums
vernünftig	reasonably
blank	bare
Radikale	radical
empfiehlt	recommends
Regelung	controlling
Schatz	treasure
Flamme	flame
Grube	pit
Mono	mono
Partikel	particles
schwimmend	floating
Koordinate	coordinate
ausschließlich	exclusively
Einschränkung	limitation
geschlagen	struck
Illustration	illustration
Warnungen	warnings
bauen	construct
Apps	apps
Anfragen	inquiries
annektieren	annex
Inspiration	inspiration
Fracht	freight
Finsternis	eclipse
wirkt	affects
Prognosen	forecasts
entdecken	detect
aktiv	actively
kompliziert	complicated
verletzt	injured
Ausdrücke	expressions
Tonne	ton
Kurier	courier
Hinweise	hints
gif	gif
Konflikte	conflicts
Getränk	beverage
Tribut	tribute
immun	immune
Forstwirtschaft	forestry
Barrieren	barriers
kippen	cant
selten	rarely
Angebote	offerings
Barriere	barrier
Fahrrad	bicycle
Einrichtung	furnishings
entstehen	arise
keltisch	celtic
Partikel	particle
Feuchtigkeit	humidity
Flaschen	bottles
dm	dm
Renaissance	renaissance
Verordnung	ordinance
Fotografen	photographers
Infektionen	infections
Schach	chess
arbeitet	operates
Feste	festivals
Möglichkeiten	possibilities
Ente	duck
Kanal	canal
Beitrag	contributing
Kuh	cow
analytisch	analytical
Kostüme	costumes
streng	strict
Verkehr	circulation
Delikt	offense
Annahme	assumption
Hobby	hobby
Versuche	tries
Erfindung	invention
Techniker	technician
Führungskräfte	executives
Anfragen	enquiries
kognitiv	cognitive
erforschen	exploring
Trick	trick
Anfrage	enquiry
Schließung	closure
Bauholz	timber
Volt	volt
heftig	intense
Unterstützer	supporters
Satzung	statutes
eingeschrieben	enrolled
Sensoren	sensors
Schraube	screw
Minister	ministers
öffentlich	publicly
litt	suffered
Aufnahme	intake
Schmetterling	butterfly
Mechanik	mechanics
Header	headers
Fehler	mistakes
numerisch	numerical
definieren	defining
Zählen	counting
Betrachtung	reflection
Einladung	invitation
Natrium	sodium
Hormon	hormone
Kinder	childrens
Backstein	brick
Griff	grip
mittelalterlich	medieval
Porzellan	porcelain
gefangen	captured
anständig	decent
Guss	casting
übersetzt	translated
Donna	donna
Krieger	warrior
Kabine	cabin
Scannen	scanning
Polo	polo
Kopieren	copying
Horn	horn
Journalismus	journalism
Frosch	frog
Grammatik	grammar
Absicht	intention
Reifen	tires
unternommen	undertaken
Gefahr	hazard
Folgen	episodes
kreisförmig	circular
Zorn	anger
Abbildungen	illustrations
Chancen	chances
Glück	happiness
bizarr	bizarre
ur	ur
Früchte	fruits
Kennzeichnung	identifier
Band	ribbon
Berechnungen	calculations
jpeg	jpeg
Anfang	startup
praktisch	handy
Wechsel	swap
befreit	exempt
Pflanzen	crops
reduziert	reduces
durchgeführt	accomplished
Geometrie	geometry
Eindruck	impression
Gilde	guild
Korrelation	correlation
sim	sim
nervös	nervous
Duft	fragrance
Replik	replica
Stamm	tribe
Trades	trades
hervorragend	superb
loswerden	rid
Dreieinigkeit	trinity
abgewickelt	handled
Legenden	legends
Boom	boom
Ruhe	calm
Meister	champions
Etagen	floors
Auswahlen	selections
Vergleichen	comparing
spricht	speaks
beruflich	vocational
Apotheken	pharmacies
ln	ln
Rolle	roller
Stapel	batch
organisieren	organize
geschätzt	appreciated
ändern	alter
Kanten	edges
Vermischung	mixing
Griffe	handles
Harmonie	harmony
vornehm	distinguished
Asthma	asthma
Annahmen	assumptions
geregelt	regulated
Dreieck	triangle
ändern	amend
erwartet	anticipated
orientalisch	oriental
Belohnung	reward
Wasserstoff	hydrogen
vergleichbar	comparable
befürworten	advocate
Verwechslung	confusion
Eingänge	inputs
Garantien	warranties
Genom	genome
Medaille	medal
Trainer	coaches
Schiffe	vessels
Hafen	harbour
Öko	eco
verletzlich	vulnerable
ordnen	arrange
künstlerisch	artistic
Ehrungen	honors
reflektiert	reflected
einheitlich	unified
Rasse	breed
Detektor	detector
ignoriert	ignored
präzise	precise
Auswertung	evaluating
Lippe	lip
versammeln	gather
Bildung	forming
Journalisten	journalists
leicht	slight
indirekt	indirect
unter	amongst
Stiftungen	foundations
Horizont	horizon
nu	nu
tief	deeply
Verbindlichkeiten	liabilities
Preise	prizes
verringert	decreased
beschreiben	describing
Optik	optics
verfolgen	pursue
Blitz	lightning
ou	ou
Zitate	quotations
Inspektor	inspector
Schlange	snake
Erinnerung	reminder
gesucht	searched
Flachland	plains
Einblicke	insights
Fähigkeiten	abilities
initiiert	initiated
Karaoke	karaoke
Falle	trap
einsam	lonely
ve	ve
beobachten	observe
Behälter	containers
Einstellungen	attitudes
Beere	berry
Halsband	collar
integrieren	integrate
Soziologie	sociology
Exponate	exhibits
stirbt	dies
Terrasse	terrace
Bakterien	bacteria
sollen	ought
köstlich	delicious
Traditionen	traditions
endlich	finite
sendet	sends
dauerhaft	durable
verbündet	allied
Feuchtigkeit	moisture
verwandeln	transform
Timer	timer
Tablets	tablets
bekommen	gotten
Erzieher	educators
Gemüse	vegetable
Vers	verse
unabhängig	independently
Konkurrenz	competitors
Rakete	rocket
Ja	aye
Kugel	bullet
Türme	towers
Sichtweite	visibility
Breite	latitude
Bewusstsein	consciousness
Tumor	tumor
hässlich	ugly
Einlagen	deposits
Herrin	mistress
Begegnung	encounter
Watt	watts
vierzig	forty
Röhren	tubes
versucht	attempted
Priester	priest
Analysten	analysts
Hammer	hammer
Invasion	invasion
Läufer	runner
Reihen	rows
verabreicht	administered
Begriff	notion
Rechtschreibung	spelling
Arktis	arctic
Belohnt	rewards
unter	beneath
stärken	strengthen
verteidigen	defend
infrarot	infrared
siebte	seventh
Bauch	belly
aggressiv	aggressive
Anzeigen	advertisements
Quartier	quarters
gestohlen	stolen
bestimmt	determines
Skulptur	sculpture
Poly	poly
Ohren	ears
Faust	fist
Neo	neo
Motivation	motivation
Passagiere	passengers
konsequent	consistently
Überschuss	surplus
graben	dig
Taxi	taxi
Anerkennung	appreciation
om	om
Beschränkung	restriction
Gitarren	guitars
Wesen	essence
mächtig	mighty
Menschheit	humanity
Transkription	transcription
Komplikationen	complications
Wissenschaftler	scholars
Galaxis	galaxy
Pflege	caring
Testament	testament
Dominant	dominant
Bauch	stomach
teilweise	partially
minimieren	minimize
Reihen	ranks
Debüt	debut
Generationen	generations
Turniere	tournaments
verweigern	deny
Anatomie	anatomy
Kopfhörer	headphones
Fraktion	fraction
Trio	trio
Vorgehen	proceeding
Würfel	cube
Defekte	defects
Unsicherheit	uncertainty
Nervenzusammenbruch	breakdown
geregelt	settled
Impfstoff	vaccine
Schicksal	fate
Buchungen	bookings
Republikaner	republicans
Dschungel	jungle
Zen	zen
dis	dis
Prognose	prediction
ökologisch	ecological
Oval	oval
impliziert	implies
ser	ser
Bewertung	appraisal
Aussicht	prospect
geographisch	geographical
Spender	donor
Spannung	tension
Müll	trash
Formen	shapes
Stufe	tier
Graf	earl
Heimat	homeland
Meisterschaft	championships
Rassen	breeds
Disko	disco
aus	aus
Veredelung	finishing
Emotionen	emotions
ewig	eternal
Drehung	rotation
nam	nam
produktiv	productive
Boulevard	boulevard
Schwein	pig
metrisch	metric
Strafen	penalties
abwechslungsreicher	varied
grande	grande
Darstellerin	actress
zuordnen	assign
unterbringen	accommodate
Tiger	tigers
Dörfer	villages
Schatten	shade
Chor	chorus
Rhythmus	rhythm
Ziffer	digit
Symphonie	symphony
plötzlich	sudden
Annehmen	accepting
Schwimmbäder	pools
lyrisch	lyric
Isolierung	isolation
Geschwindigkeiten	speeds
nachhaltig	sustained
abgestimmt	matched
ungefähr	approximate
Seil	rope
rational	rational
Programmierer	programmer
Kämpfer	fighters
vererbt	inherited
unvollständig	incomplete
Gesang	vocals
Brunnen	fountain
legitim	legitimate
Biographien	biographies
Ermittler	investigator
Kläger	plaintiff
sanft	gentle
würdig	worthy
Architekten	architects
Heilige	saints
Unternehmer	entrepreneur
trägt	carries
Duo	duo
überhöht	excessive
spart	saves
angesehen	regarded
Bewertung	valuation
unerwartet	unexpected
Nebel	fog
charakteristisch	characteristic
Empfangshalle	lobby
skizzierte	outlined
enorm	enormous
Karma	karma
bestehen	consist
Königinnen	queens
Wissenschaftler	academics
Stämme	tribes
Unterscheidung	distinction
Gefahren	hazards
Befreiung	exemption
Mieter	tenant
Nachhaltigkeit	sustainability
Tätowierung	tattoo
Algebra	algebra
Schatten	shadows
dumm	silly
frei	freely
mild	mild
Pelz	fur
leicht	readily
Zugehörigkeit	affiliation
Zaun	fence
unendlich	infinite
Clan	clan
Revolutionär	revolutionary
Armbänder	bracelets
Abhilfe	remedy
Atmung	breathing
kurz	briefly
Dicke	thickness
grafische	graphical
Genius	genius
Diskussion	discussing
Kämpfer	fighter
sinnvoll	meaningful
adaptiert	adapted
Ländereien	estates
Teppich	rug
Demokrat	democrat
Bezirk	borough
hält	maintains
ka	ka
beibehalten	retained
Marmor	marble
DM	dem
Meditation	meditation
Mikrofon	microphone
Vereinigung	combining
Riesen	giants
organisieren	organizing
Memo	memo
Schinken	ham
gelöst	solved
Tide	tide
Trennwand	partition
unsichtbar	invisible
Konsolen	consoles
Magnet	magnet
Übersetzungen	translations
Jaguar	jaguar
Ware	commodity
Kilometer	kilometers
Garantien	guarantees
gotisch	gothic
Zylinder	cylinder
Hexe	witch
Bock	buck
Feinde	enemies
Beratung	consultancy
genießen	enjoying
patrouillieren	patrol
Geruch	smell
Karneval	carnival
grob	roughly
Aufkleber	sticker
Versprechen	promises
Riff	reef
Teilen	divide
aufeinanderfolgenden	consecutive
bon	bon
Vorstellungen	representations
chan	chan
Melodien	tunes
mas	mas
Sätze	phrases
kai	kai
Halbinsel	peninsula
langweilig	boring
dom	dom
Reden	speeches
erreicht	reaches
Schema	schema
Kataloge	catalogs
Ministerien	ministries
parlamentarisch	parliamentary
Präfix	prefix
Savanne	savannah
Fass	barrel
Nerv	nerve
dans	dans
Planeten	planets
Defizit	deficit
erneuern	renew
gekoppelt	coupled
Schaltungen	circuits
Textur	texture
bestätigen	acknowledge
Zelt	tent
identifiziert	identifies
Qualifikation	qualification
Schlösser	locks
Miniatur	miniature
Euro	euros
Piraten	pirates
Antenne	aerial
Falke	hawk
Folge	consequence
systematisch	systematic
wahrgenommen	perceived
Ursprünge	origins
gemietet	hired
bilden	makeup
ui	ui
Gewichte	weights
geologisch	geological
dauerhaft	lasting
böse	wicked
einleitet	introduces
geschoben	pushed
ro	ro
Steigung	slope
Dichter	poet
Verschwörung	conspiracy
Theologie	theology
Nägel	nails
offensichtlich	evident
Fahrten	rides
Epos	epic
Veranstalter	organizer
Allergie	allergy
Sake	sake
Kombinationen	combinations
vorangestellt	preceding
verdienen	merit
Enzym	enzyme
Flugzeuge	planes
Scheiben	disks
Verstärker	amplifier
willkürlich	arbitrary
prominent	prominent
sans	sans
baut	builds
kontaktiert	contacted
Welle	shaft
lehnen	lean
gelegentlich	occasional
Innovationen	innovations
Überprüfung	reviewing
Panik	panic
Staatsbürgerschaft	citizenship
Ausrede	excuse
Reformen	reforms
Zwiebel	onion
Sandwich	sandwich
Alt	alto
Hierarchie	hierarchy
verlassen	abandoned
Kreise	circles
Beats	beats
fröhlich	merry
Kult	cult
Strich	dash
passiv	passive
geschätzt	valued
Käfig	cage
Mut	courage
Elevation	elevation
Runde	lap
Nutzung	utilization
Getränke	beverages
Klingeln	ping
unterhaltsam	entertaining
Voraussetzung	prerequisite
Grenze	frontier
Flüchtlinge	refugees
Ritter	knights
Hypothese	hypothesis
Medikamente	medicines
geändert	altered
Lehre	doctrine
szenisch	scenic
Erweiterungen	enhancements
Überschneidung	intersection
Nähen	sewing
Sammler	collectors
anerkannt	recognised
Rage	rage
prix	prix
Astrologie	astrology
Berater	advisors
Pavillon	pavilion
Taktik	tactics
Zusatz	supplemental
talentiert	talented
Kissen	pillow
Verbreitung	spreading
Provinzen	provinces
stehlen	steal
Paket	parcel
Vorfall	incidence
Ängste	fears
vorhersagen	predict
Geschmack	flavor
hungrig	hungry
metallisch	metallic
Interferenz	interference
Krieger	warriors
atmosphärisch	atmospheric
Heiligenschein	halo
Eltern	parental
verwiesen	referenced
Streiks	strikes
Ameise	ant
Vorschlag	proposition
geeignet	apt
behandelt	dealt
Händler	trader
geworfen	thrown
Kriterium	criterion
Abzeichen	badge
Zivilisation	civilization
Heide	heath
enorm	tremendous
führt	performs
Reich	realm
korrigiert	corrected
Helm	helmet
angetroffen	encountered
Tsunami	tsunami
Gelehrte	scholar
umgeben	surrounded
Geologie	geology
Kreaturen	creatures
gelöscht	cleared
erreichen	accomplish
Ecken	corners
Vegetarier	vegetarian
Hefe	yeast
pas	pas
sucht	investigated
Botschafter	ambassador
beschichtete	coated
Untergang	doom
Routinen	routines
Wesen	beings
Vertrauen	reliance
Mythos	myth
Bach	brook
fu	fu
Phänomen	phenomenon
Ensemble	ensemble
versicherte	assured
bewusst	conscious
Akzent	accent
Ehefrauen	wives
nutzen	utilize
Versprechen	pledge
Vampir	vampire
Dock	dock
organisiert	organised
Musiker	musician
Begrenzung	limiting
restauriert	restored
Hinweis	hint
Rüstung	armor
Anmerkung	remark
Dutzende	dozens
variiert	varies
Argumentation	reasoning
Wächter	guards
Öffnungen	openings
Ersetzung	replacing
Forscher	researcher
Räte	councils
Berufe	occupations
anerkannt	acknowledged
Schweinefleisch	pork
zu	zu
Gleichgewicht	equilibrium
Rohre	pipes
Hütten	cottages
verschmelzen	merge
Privileg	privilege
entwickelt	develops
Chassis	chassis
Einschätzung	estimation
Scheune	barn
Frost	frost
Institute	institutes
Schimmel	mold
Freifrau	dame
Yacht	yacht
bevorzugt	prefers
Bohrung	drilling
Kraut	herb
Bruch	breach
Wal	whale
Reisende	traveller
Mittel	appropriations
vermutlich	suspected
Tomaten	tomatoes
Lehrer	instructors
Schwung	momentum
Flosse	fin
Pastor	pastor
Schlamm	mud
Smaragd	emerald
wächst	grows
Traktat	tract
ul	ul
Ballett	ballet
Journalist	journalist
Religionen	religions
Knoblauch	garlic
scheinen	shine
Explosion	explosion
Slip	briefs
Unterschriften	signatures
Ozon	ozone
Disziplinen	disciplines
casa	casa
Gespräche	conversations
Radios	radios
Tarif	tariff
vereinfachte	simplified
Muskeln	muscles
schnell	swift
Vagina	vagina
Champagner	champagne
Abweichung	deviation
Samba	samba
beschäftigen	employ
Pinguin	penguin
magisch	magical
Einflüsse	influences
Inspektionen	inspections
Bewässerung	irrigation
Wunder	miracle
hydraulisch	hydraulic
Penetration	penetration
Wunde	wound
Schöne	belle
rosa	rosa
Überzeugung	conviction
faul	lazy
Qualitäten	qualities
Väter	fathers
Lade	charging
wichtig	importantly
zierlich	petite
Gerät	apparatus
Terrain	terrain
Erläuterung	explaining
Streifen	strips
Nominierung	nomination
empirisch	empirical
Wurm	worm
Abhängigkeit	dependence
diskret	discrete
Anfänger	beginner
Deckel	lid
Sexualität	sexuality
Saphir	sapphire
Privilegien	privileges
spezialisiert	specializing
Markierung	marking
Sheriff	sheriff
abgelehnt	declined
Spion	spies
Motorräder	motorcycles
wählen	elect
Autobahnen	highways
konzentrieren	concentrate
intim	intimate
Moleküle	molecules
Runde	rounds
Kühlschrank	refrigerator
Intervalle	intervals
Sätze	sentences
Holocaust	holocaust
Flieger	flyer
Erbsen	peas
Dosierung	dosage
Unterschied	variance
Navigator	navigator
Nadel	needle
Bad	baths
Bremsen	brakes
og	og
ko	ko
besitzt	owns
Schicksal	destiny
Landschaften	landscapes
Berechnung	computation
Heu	hay
Heil	salvation
Vorhersagen	predictions
Lern	learners
Zeichen	token
Zink	zinc
Opfern	sacrifice
Sucher	seekers
Guru	guru
geeignet	suited
numerisch	numeric
Anthropologie	anthropology
Kaiser	emperor
grad	grad
Gürtel	belts
Schwarze	blacks
gebildet	educated
stolz	proudly
Notwendigkeit	necessity
Kurven	curves
Touren	touring
Scheitel	vertex
Tomate	tomato
Reisen	travels
blass	pale
Funktion	functioning
Wirtschaft	economies
unternehmen	undertake
erklären	declare
Ventile	valves
Lücken	gaps
Erfolge	achievements
reißen	tear
lehrt	teaches
Null	nil
Fremder	stranger
Nest	nest
Gericht	tribunal
ausgeschlossen	ruled
Pensionen	pensions
Gebete	prayers
Polizist	cop
Jugendliche	adolescent
Nominierungen	nominations
Banane	banana
einleitend	introductory
Reservoir	reservoir
Auftreten	occurrence
Idol	idol
blutig	bloody
erinnern	remind
reizend	charming
Zahn	tooth
respektierte	respected
Aufenthalte	stays
Affäre	affair
beschränken	restrict
Minen	mines
Porträts	portraits
interpretiert	interpreted
Auswertungen	evaluations
Beseitigung	elimination
Meter	metres
hypothetisch	hypothetical
Hubschrauber	helicopter
Bleistift	pencil
Künstler	performer
Provisionen	commissions
Kugel	sphere
Moos	moss
Verhältnisse	ratios
Eintracht	concord
graduierte	graduated
unterstützt	endorsed
überraschend	surprising
Lanze	lance
Leiter	ladder
Kork	cork
Senatoren	senators
Blutung	bleeding
Charakterisierung	characterization
Wahrscheinlichkeit	likelihood
Bahnen	lanes
Grundlage	fundamentals
Kontamination	contamination
Kuppel	dome
segnen	bless
Verhandlung	negotiation
Kamm	crest
Gegner	opponents
Triumph	triumph
nominiert	nominated
Schweißen	welding
Orgasmus	orgasm
Legierung	alloy
Stellplätze	plots
sanft	gently
Sperrung	locking
umstritten	controversial
Unentschieden	draws
Kühlschrank	fridge
Klingen	blades
Schlaufen	loops
Schwall	surge
Trauma	trauma
Inserat	advert
Defensive	defensive
verboten	forbidden
Vanille	vanilla
Programmierer	programmers
überwacht	monitored
Installationen	installations
Seelen	souls
motiviert	motivated
Dumm	dumb
hohl	hollow
Gewölbe	vault
Rille	groove
Offenbarung	revelation
Verfolgung	pursuit
Delegation	delegation
Drähte	wires
Wörterbücher	dictionaries
Transparenz	transparency
Orbit	orbit
Währungen	currencies
Niger	niger
Positionierung	positioning
Kolonie	colony
Kanone	cannon
Zirkus	circus
gefördert	promoted
Forelle	trout
Leistung	feat
vorübergehend	temporarily
gekocht	cooked
übertragen	transmit
Frequenzen	frequencies
Reflexionen	reflections
Hunger	hunger
Gemeinde	municipality
Detektiv	detective
Zement	cement
erleben	experiencing
Kamin	fireplace
Billigung	endorsement
Textilien	textiles
Rakete	missile
Psychiatrie	psychiatry
Assists	assists
Rechnungsprüfer	auditor
Geige	violin
Prophet	prophet
Oxid	oxide
ausgezeichnet	magnificent
sofort	promptly
Anpassung	adaptation
schädlich	harmful
sexuell	sexually
Gehege	enclosure
Glucose	glucose
Norm	norm
Wiedergabe	playback
Schildkröte	turtle
Entfernungen	distances
Absorption	absorption
Schätze	treasures
Fossil	fossil
schlecht	badly
Kommunist	communist
Unternehmer	entrepreneurs
Roboter	robots
Foul	foul
Biodiversität	biodiversity
Aufregung	excitement
verbal	verbal
Meere	seas
mysteriös	mysterious
Neuheit	novelty
Fliesen	tiles
Bibliothekar	librarian
schaltet	switched
ru	ru
Pose	pose
Gramm	grams
Therapeut	therapist
Budget	budgets
Ziege	goat
machen	render
Segel	sail
Kommissare	commissioners
dicht	dense
mutig	brave
Spedition	forwarding
furchtbar	awful
Flugzeug	airplane
Organismen	organisms
Fernrohr	telescope
Asbest	asbestos
Förderung	advancement
Weide	willow
Bewerbungen	resumes
existierte	existed
Generatoren	generators
erzeugt	generates
Kartoffeln	potatoes
gründlich	thorough
Rezeptoren	receptors
Optimum	optimum
Kreatur	creature
einsam	lone
subtil	subtle
Streifen	stripes
Firmware	firmware
Schäfer	shepherd
Wiege	cradle
Kanzler	chancellor
Mehl	flour
Kontroverse	controversy
legendär	legendary
Chor	choir
Vermeidung	avoiding
schön	beautifully
erwartet	expects
Springen	jumping
Stoffe	fabrics
Polymer	polymer
Hygiene	hygiene
Tugend	virtue
Chirurgen	surgeons
Mandat	mandate
Korpus	corpus
Terminologie	terminology
Gentleman	gentleman
verurteilt	convicted
Jet	jets
Indizes	indices
qui	qui
bedrohlich	threatening
Aktivisten	activists
Häftling	prisoner
ermutigt	encourages
gebaut	assembled
Terminals	terminals
roh	crude
Untersucht	examines
Wikinger	viking
Aufräumen	cleanup
bedingt	conditional
angegriffen	attacked
kommt	arrives
Übersetzer	translator
Automobil	automobiles
Traktor	tractor
Kontinent	continent
Tarife	fares
Längengrad	longitude
hoffte	hoped
Einfügung	insertion
Zwang	constraint
Stärkung	strengthening
wünschen	wishing
Isolierung	insulation
Verletzung	infringement
gebogen	bent
subjektiv	subjective
Monster	monsters
Asyl	asylum
Anteil	stake
Cocktail	cocktail
Sorten	varieties
Gift	poison
dominiert	dominated
teuer	costly
Derivate	derivatives
verhindert	prevents
Gewehr	rifle
Rassismus	racism
interpretieren	interpret
Übereinstimmung	accord
bescheiden	modest
Spieler	gamers
Sortierung	sorting
Liaison	liaison
Glühbirnen	bulbs
Touristen	tourists
Verhaltensweisen	behaviors
klären	clarify
Taille	waist
zugeschrieben	attributed
Eule	owl
Kristalle	crystals
überschreitet	exceeds
komplementär	complementary
Kämpfe	battles
bitter	bitter
Memorandum	memorandum
Drachen	dragons
Lärm	din
unglaublich	incredibly
Delegierte	delegates
psychiatrisch	psychiatric
Jugendliche	teenagers
Hof	courtyard
Präsidenten	presidents
abfahren	depart
ausdrücklich	expressly
Lilie	lily
Aufsicht	oversight
Harz	resin
Alliierte	allies
konserviert	preserved
gekreuzt	crossed
aufsteigend	ascending
nominal	nominal
zerfallen	decay
Quarz	quartz
Register	registers
achte	eighth
autorisiert	authorised
verbessert	improves
Befürworter	advocates
Phänomene	phenomena
Neigung	tilt
Granit	granite
Volk	masses
Athlet	athlete
Franc	franc
Ähnlichkeit	similarity
Leck	leak
Berater	adviser
Broschüre	booklet
erwartet	expecting
Umsatz	turnover
Urin	urine
Handtuch	towel
Ingwer	ginger
Chromosom	chromosome
als	als
Fliegen	flies
Kompetenz	competence
Weinen	crying
Amateure	amateurs
Kran	crane
Untersuchung	investigating
faul	rotten
Gewohnheit	habit
Ehre	honour
schützt	protects
Iris	iris
verwaltet	manages
Erosion	erosion
Zimmermann	carpenter
Khan	khan
unzureichend	insufficient
Formulierung	formulation
klug	clever
Herren	lords
angenehm	enjoyable
Halbmond	crescent
sechzig	sixty
konzentriert	concentrated
unterscheiden	distinguish
ei	ei
Projektionen	projections
Funke	spark
Sicherung	securing
Weg	pathway
Detektoren	detectors
Spitze	spike
Zutat	ingredient
Vorhang	curtain
offenbart	disclosed
taktisch	tactical
Piloten	pilots
Expedition	expedition
operativ	operative
Humor	humour
mol	mol
Impressum	imprint
Unterstützung	assisting
Defekt	defect
schlecht	poorly
Göttin	goddess
Beobachter	observers
Magneten	magnets
Formeln	formulas
geräumig	spacious
argumentiert	argues
Böden	soils
Organe	organs
det	det
Loyalität	loyalty
treu	faithful
Delikt	offence
Lithium	lithium
Sprung	leap
Gründung	founding
Schwan	swan
Pflanzung	planting
Bündnis	covenant
Archäologie	archaeology
Matrose	sailor
Sorgen	cares
Heiligtum	sanctuary
Statue	statue
Zitat	quotation
Majors	majors
Manipulation	manipulation
Glocken	bells
Toxizität	toxicity
Sender	transmitter
Nachbarschaften	neighborhoods
Trophäe	trophy
Emotion	emotion
Sehenswürdigkeiten	sights
Uniformen	uniforms
verwundet	wounded
Derivat	derivative
Belegung	occupancy
Dosen	doses
erziehen	educate
Vorurteil	prejudice
Techniker	technicians
wahrscheinlich	probable
Ausgabe	issuance
Dekoration	decoration
Angehörige	nationals
Trojaner	trojan
Assistenten	assistants
Berater	counselor
erlassen	enacted
instabil	unstable
gedrängt	urged
reflektierenden	reflecting
Gewinnung	gaining
endgültig	definitive
gereist	traveled
anpassen	adapt
Beitritt	accession
Regler	regulator
Brennstoffe	fuels
Soja	soy
ordentlich	neat
Benennung	naming
Stern	stern
gearbeitete	crafted
Dummkopf	idiot
besteht	comprised
Aliens	aliens
Änderungen	edits
Rabe	raven
Wohnung	dwelling
symbolisch	symbolic
Winkel	angles
Drücke	pressures
Venus	venus
Flammen	flames
Primitive	primitive
Strumpf	stocking
Ökosystem	ecosystem
Hallen	halls
Einfachheit	simplicity
Dämon	demon
begrüßt	welcomed
Notation	notation
Tante	aunt
Krähe	crow
semantisch	semantic
abgesetzt	discontinued
entscheidet	decides
Globalisierung	globalization
Esel	asses
Kompass	compass
gewachsen	evolved
Infanterie	infantry
berühmt	renowned
Gang	corridor
philosophisch	philosophical
Rechtfertigung	justification
unbesetzt	vacant
Festsetzung	fixing
Gramm	gram
versteckt	hiding
Farbstoff	dye
Alphabet	alphabet
gereinigt	cleaned
geehrt	honored
optisch	optic
Telefone	telephones
Tagebücher	diaries
Trauer	grief
Schweiß	sweat
Delphin	dolphin
Wunder	wonders
Belüftung	ventilation
Masken	masks
Büste	bust
Gasse	alley
Bahnen	pathways
Telegraph	telegraph
Monument	monument
formal	formally
Tau	dew
zurückgezogen	withdrawn
Debatten	debates
Identitäten	identities
Mangel	deficiency
Sattel	saddle
Malaria	malaria
treu	loyal
Tendenz	tendency
verwendet	utilized
ein	ein
Fernglas	binoculars
einleiten	initiate
rein	purely
lebendig	vivid
Behauptungen	allegations
entspricht	corresponds
Daemon	daemon
gefeiert	celebrated
Jäger	hunters
handelten	acted
Koeffizient	coefficient
Schädel	skull
Fortsetzung	continuation
Diener	servant
Falke	falcon
gemeinsam	jointly
vermieden	avoided
Erklärungen	explanations
erneuert	renewed
Kritiker	critic
Sediment	sediment
Quadrate	squares
Lieferwagen	vans
Kegel	cone
überlebt	survived
Häufigkeit	prevalence
Fragment	fragment
verpflichtet	commits
Kobra	cobra
warf	threw
hoc	hoc
Darsteller	performers
Dessert	dessert
Dissertation	dissertation
neunte	ninth
Begeisterung	enthusiasm
Feierlichkeiten	celebrations
Gouverneure	governors
Atome	atoms
Gewebe	tissues
Rampe	ramp
schön	nicely
della	della
Vorherrschaft	domination
Akkorde	chords
Beeinträchtigung	impairment
Molekül	molecule
